datetime,open,high,low,close,volume
2015-05-04,11530.2,11677.1,11417.7,11623.7,79835.0
2015-05-05,11602.2,11767.0,11307.0,11340.0,168425.0
2015-05-06,11385.0,11471.8,11248.5,11345.0,142238.0
2015-05-07,11372.0,11448.8,11174.0,11397.5,111314.0
2015-05-08,11439.0,11740.8,11420.0,11721.5,93201.0
2015-05-11,11717.5,11726.5,11608.0,11629.0,116840.0
2015-05-12,11637.5,11654.0,11381.5,11498.0,176523.0
2015-05-13,11525.0,11603.8,11298.5,11329.0,152940.0
2015-05-14,11330.0,11586.5,11221.5,11571.1,79697.0
2015-05-15,11566.1,11642.0,11385.5,11475.5,126176.0
2015-05-18,11476.5,11641.8,11383.0,11628.5,122851.0
2015-05-19,11668.0,11887.2,11651.5,11824.9,121109.0
2015-05-20,11841.4,11889.7,11786.4,11863.4,109673.0
2015-05-21,11844.9,11900.7,11764.5,11880.4,105771.0
2015-05-22,11882.4,11887.0,11795.0,11843.5,85748.0
2015-05-26,11781.0,11931.3,11588.0,11652.0,124423.0
2015-05-27,11651.5,11802.3,11601.0,11783.0,112040.0
2015-05-28,11752.8,11778.3,11606.5,11703.5,107548.0
2015-05-29,11693.5,11719.0,11399.0,11436.8,134237.0
2015-06-01,11491.3,11509.6,11341.3,11462.5,115769.0
2015-06-02,11460.5,11482.5,11268.0,11325.8,57601.0
2015-06-03,11345.0,11514.3,11294.0,11392.5,154658.0
2015-06-04,11368.3,11449.8,11181.5,11259.0,183369.0
2015-06-05,11257.0,11287.0,11131.0,11188.0,74813.0
2015-06-08,11207.0,11220.8,10986.5,11017.5,85743.0
2015-06-09,11020.0,11068.0,10858.1,10960.2,78656.0
2015-06-10,10975.2,11305.0,10932.7,11261.5,56728.0
2015-06-11,11250.5,11457.7,11237.0,11313.8,52984.0
2015-06-12,11304.2,11365.9,11065.4,11203.4,65857.0
2015-06-15,11093.4,11114.4,10952.4,11017.4,50981.0
2015-06-16,10995.4,11077.4,10797.5,11063.3,57447.0
2015-06-17,11081.9,11117.9,10873.6,10921.6,60837.0
2015-06-18,10872.6,11285.1,10804.6,11132.6,57434.0
2015-06-19,11084.3,11250.3,10995.3,11032.3,54644.0
2015-06-22,11221.3,11485.6,11217.8,11435.8,66628.0
2015-06-23,11535.8,11637.8,11516.8,11574.4,48408.0
2015-06-24,11585.4,11590.5,11364.2,11415.7,51501.0
2015-06-25,11426.7,11600.7,11345.7,11445.2,52142.0
2015-06-26,11384.7,11562.2,11369.2,11519.7,50811.0
2015-06-29,10910.1,11292.1,10852.2,10979.3,70928.0
2015-06-30,11014.4,11137.4,10895.8,10995.5,65126.0
2015-07-01,11077.0,11286.5,10976.5,11166.5,60541.0
2015-07-02,11169.5,11230.7,11068.5,11117.0,42019.0
2015-07-03,11126.0,11133.0,11003.0,11104.1,67739.0
2015-07-06,10777.1,10993.6,10743.6,10862.9,69169.0
2015-07-07,10905.4,10945.0,10895.9,10895.9,111727.0
2015-07-08,10766.6,10802.4,10648.4,10702.4,110239.0
2015-07-09,10805.4,11031.5,10777.4,10960.9,79164.0
2015-07-10,11200.9,11400.5,11144.8,11391.5,80265.0
2015-07-13,11321.0,11511.0,11253.0,11487.0,62038.0
2015-07-14,11509.5,11549.5,11412.7,11533.5,37626.0
2015-07-15,11528.5,11571.0,11477.5,11534.3,36066.0
2015-07-16,11603.8,11792.0,11603.8,11730.5,40556.0
2015-07-17,11727.0,11768.5,11651.5,11688.9,32333.0
2015-07-20,11760.4,11809.4,11759.0,11759.0,24513.0
2015-07-21,11774.5,11780.5,11571.9,11605.4,32239.0
2015-07-22,11566.9,11596.9,11483.8,11541.8,35149.0
2015-07-23,11588.8,11630.5,11438.4,11449.8,48128.0
2015-07-24,11482.3,11549.6,11280.9,11293.9,42115.0
2015-07-27,11315.8,11317.8,11029.4,11047.4,59275.0
2015-07-28,11100.9,11245.9,11064.4,11203.4,47709.0
2015-07-29,11196.4,11279.9,11118.4,11255.9,47417.0
2015-07-30,11247.4,11313.6,11136.9,11266.4,45929.0
2015-07-31,11275.4,11328.9,11168.9,11312.9,50055.0
2015-08-03,11288.4,11464.2,11244.4,11421.7,53357.0
2015-08-04,11418.7,11479.7,11380.0,11473.4,48196.0
2015-08-05,11475.9,11657.9,11474.9,11595.5,54909.0
2015-08-06,11603.7,11671.5,11530.1,11573.9,63958.0
2015-08-07,11581.4,11586.4,11481.9,11513.3,57396.0
2015-08-10,11543.3,11620.7,11429.3,11608.7,43097.0
2015-08-11,11561.4,11572.9,11262.6,11304.3,61251.0
2015-08-12,11198.1,11206.8,10892.3,11045.4,66680.0
2015-08-13,11079.9,11157.5,10976.4,11003.4,74708.0
2015-08-14,10987.9,11094.9,10909.1,11043.4,61070.0
2015-08-17,11036.9,11114.4,10811.9,10976.9,70896.0
2015-08-18,10973.4,10983.9,10880.9,10907.9,63958.0
2015-08-19,10843.4,10855.4,10669.4,10690.4,95371.0
2015-08-20,10653.9,10656.9,10305.9,10309.4,125440.0
2015-08-21,10147.4,10436.9,9981.4,10009.9,165315.0
2015-08-24,9805.4,9936.4,9317.4,9634.3,156872.0
2015-08-25,9744.8,10188.1,9737.0,9816.9,215988.0
2015-08-26,9984.9,10197.4,9847.4,10197.4,103154.0
2015-08-27,10201.9,10383.7,10166.4,10343.4,84921.0
2015-08-28,10309.9,10353.4,10181.9,10287.9,70845.0
2015-08-31,10154.9,10309.4,10128.4,10237.8,50967.0
2015-09-01,9967.3,10118.3,9883.7,9922.2,115858.0
2015-09-02,10030.7,10124.7,9956.7,10123.7,82073.0
2015-09-03,10124.7,10381.1,10112.2,10240.2,77893.0
2015-09-04,10138.2,10216.2,9954.8,10005.3,96838.0
2015-09-07,10096.2,10183.3,10051.8,10114.3,31881.0
2015-09-08,10140.3,10371.3,10092.8,10335.8,57650.0
2015-09-09,10464.8,10523.3,10155.7,10168.2,68030.0
2015-09-10,10232.7,10327.7,10152.7,10242.9,84891.0
2015-09-11,10242.2,10250.3,10075.9,10183.8,56235.0
2015-09-14,10171.3,10228.0,10080.8,10156.4,59016.0
2015-09-15,10174.4,10262.7,10065.4,10253.7,51780.0
2015-09-16,10232.2,10339.0,10170.7,10262.7,47397.0
2015-09-17,10276.7,10327.5,10129.6,10191.7,50013.0
2015-09-18,10199.2,10219.7,9856.5,9917.0,97976.0
2015-09-21,9890.4,10001.5,9780.5,9963.0,68135.0
2015-09-22,9982.5,10016.5,9556.2,9628.0,86687.0
2015-09-23,9519.5,9712.6,9483.5,9605.2,63550.0
2015-09-24,9588.7,9707.0,9360.3,9537.7,95543.0
2015-09-25,9598.2,9747.6,9560.7,9622.6,84999.0
2015-09-28,9586.5,9679.1,9433.8,9453.7,90037.0
2015-09-29,9419.2,9537.9,9301.2,9479.0,98071.0
2015-09-30,9598.5,9733.9,9580.6,9663.3,79749.0
2015-10-01,9762.0,9787.0,9450.3,9558.3,86874.0
2015-10-02,9573.9,9681.6,9388.3,9680.4,92439.0
2015-10-05,9732.4,9887.8,9646.9,9872.8,72995.0
2015-10-06,9825.3,9956.2,9726.9,9877.3,70772.0
2015-10-07,9896.8,10093.6,9888.8,10035.7,80964.0
2015-10-08,9946.1,10105.0,9905.6,10095.5,88296.0
2015-10-09,10110.4,10146.9,10110.4,10113.4,65725.0
2015-10-12,10118.4,10185.9,10052.9,10109.2,49569.0
2015-10-13,10099.2,10117.3,9936.4,9992.4,60986.0
2015-10-14,9968.4,10036.6,9885.0,9919.7,66778.0
2015-10-15,9977.2,10147.4,9954.1,10143.8,68745.0
2015-10-16,10134.4,10166.1,10049.8,10119.6,56498.0
2015-10-19,10103.1,10204.1,10064.2,10172.7,42779.0
2015-10-20,10159.7,10196.7,10078.3,10150.7,40602.0
2015-10-21,10199.7,10281.0,10106.5,10189.0,53590.0
2015-10-22,10208.9,10593.5,10194.5,10563.1,86666.0
2015-10-23,10631.0,10866.0,10589.9,10844.2,83485.0
2015-10-26,10811.0,10871.6,10810.4,10810.4,45088.0
2015-10-27,10788.5,10816.2,10692.5,10736.5,43123.0
2015-10-28,10724.0,10933.8,10698.8,10912.0,66159.0
2015-10-29,10877.4,10899.0,10747.7,10817.2,48901.0
2015-10-30,10845.8,10884.2,10754.5,10827.3,60343.0
2015-11-02,10764.4,11000.6,10735.0,10983.5,38848.0
2015-11-03,10964.1,11004.8,10889.8,10957.5,40236.0
2015-11-04,10978.0,11014.3,10822.7,10862.2,54802.0
2015-11-05,10863.0,10973.3,10788.1,10892.9,55111.0
2015-11-06,10906.9,11067.3,10849.4,11035.2,61232.0
2015-11-09,11003.3,11022.8,10794.9,10846.6,48218.0
2015-11-10,10861.2,10880.6,10859.8,10859.8,47505.0
2015-11-11,10866.3,11005.0,10844.9,10879.3,73745.0
2015-11-12,10895.8,10968.7,10721.3,10727.2,65992.0
2015-11-13,10730.3,10825.0,10613.4,10682.8,130791.0
2015-11-16,10499.3,10825.0,10499.2,10824.5,115145.0
2015-11-17,10838.3,10986.6,10791.3,10902.0,78817.0
2015-11-18,10901.8,11056.6,10884.6,11038.3,62709.0
2015-11-19,11051.8,11162.0,11043.5,11065.0,46054.0
2015-11-20,11069.7,11173.6,11058.2,11106.5,45608.0
2015-11-23,11140.5,11140.5,11033.9,11072.8,37141.0
2015-11-24,11076.4,11089.4,10875.0,10976.0,64447.0
2015-11-25,10979.5,11195.5,10926.5,11159.5,45900.0
2015-11-26,11180.0,11376.0,11170.5,11314.4,31631.0
2015-11-27,11272.2,11363.5,11254.0,11304.6,44544.0
2015-11-30,11285.6,11441.3,11260.6,11359.1,45101.0
2015-12-01,11415.6,11426.8,11242.8,11302.3,54405.0
2015-12-02,11320.8,11342.5,11087.0,11120.8,76197.0
2015-12-03,11159.8,11330.1,10648.2,10687.1,121435.0
2015-12-04,10692.6,10887.4,10637.5,10875.2,87503.0
2015-12-07,10876.2,11000.7,10812.2,10931.2,54213.0
2015-12-08,10889.2,10907.7,10620.3,10686.5,71899.0
2015-12-09,10700.0,10726.7,10452.6,10523.5,100590.0
2015-12-10,10524.1,10670.9,10504.6,10583.6,95831.0
2015-12-11,10600.6,10611.1,10273.6,10290.5,86083.0
2015-12-14,10356.1,10451.1,10122.0,10285.0,149638.0
2015-12-15,10263.5,10490.0,10223.5,10450.0,74186.0
2015-12-16,10488.0,10651.3,10423.1,10627.0,83035.0
2015-12-17,10629.0,10833.5,10527.0,10707.5,72545.0
2015-12-18,10664.4,10736.1,10512.4,10517.3,92219.0
2015-12-21,10549.4,10802.4,10475.8,10553.3,103069.0
2015-12-22,10592.2,10639.2,10400.1,10565.1,95374.0
2015-12-23,10564.9,10769.8,10562.4,10767.9,39194.0
2015-12-28,10724.2,10775.7,10631.2,10700.2,22580.0
2015-12-29,10737.7,10886.2,10735.7,10867.2,46202.0
2015-12-30,10883.7,10884.7,10696.7,10696.7,27594.0
2016-01-04,10517.2,10525.2,10255.1,10365.6,118188.0
2016-01-05,10392.1,10407.1,10175.6,10339.6,83093.0
2016-01-06,10242.0,10292.2,10097.8,10186.0,71107.0
2016-01-07,9967.7,10045.9,9816.4,9840.8,113475.0
2016-01-08,9979.6,10130.0,9733.1,9761.6,114013.0
2016-01-11,9700.9,9984.5,9699.4,9908.7,107132.0
2016-01-12,9814.7,10100.0,9780.7,10053.2,86539.0
2016-01-13,10110.2,10170.0,9739.1,9770.0,126735.0
2016-01-14,9844.5,9949.1,9617.5,9895.0,97330.0
2016-01-15,9778.5,9839.0,9415.8,9484.1,123707.0
2016-01-18,9568.5,9665.0,9458.5,9532.2,98257.0
2016-01-19,9687.5,9764.0,9533.0,9625.5,181812.0
2016-01-20,9360.5,9525.1,9262.0,9473.1,240812.0
2016-01-21,9411.6,9673.1,9341.1,9582.1,128632.0
2016-01-22,9720.6,9847.6,9710.6,9829.6,80621.0
2016-01-25,9846.1,9846.6,9678.1,9678.6,138045.0
2016-01-26,9593.6,9877.9,9569.1,9877.6,105990.0
2016-01-27,9824.2,9930.7,9720.2,9766.9,108164.0
2016-01-28,9792.7,9913.4,9597.5,9672.2,285558.0
2016-01-29,9802.7,9844.3,9653.6,9836.1,216853.0
2016-02-01,9850.6,9850.6,9637.8,9767.2,161627.0
2016-02-02,9738.2,9738.2,9484.0,9502.5,66109.0
2016-02-03,9488.0,9580.7,9351.5,9527.0,160629.0
2016-02-04,9616.0,9624.5,9266.5,9390.5,221454.0
2016-02-05,9371.0,9474.2,9223.5,9250.5,253762.0
2016-02-08,9324.5,9339.2,8921.2,9002.2,178766.0
2016-02-09,8939.7,9043.8,8772.3,8900.2,216206.0
2016-02-10,8918.2,9131.2,8874.2,8935.3,169981.0
2016-02-11,8890.0,8920.5,8696.5,8842.6,171735.0
2016-02-12,8841.6,8995.4,8811.6,8995.4,103353.0
2016-02-15,9129.4,9254.1,9110.4,9201.5,82444.0
2016-02-16,9269.2,9276.9,9081.7,9203.0,215383.0
2016-02-17,9169.5,9428.7,9138.0,9412.4,171146.0
2016-02-18,9400.9,9559.7,9352.4,9453.5,145754.0
2016-02-19,9469.5,9485.0,9326.2,9389.2,166421.0
2016-02-22,9452.7,9597.3,9444.2,9586.8,133533.0
2016-02-23,9506.3,9545.3,9403.8,9411.8,182136.0
2016-02-24,9390.8,9435.8,9129.8,9309.3,197223.0
2016-02-25,9276.8,9409.3,9207.3,9406.8,170814.0
2016-02-26,9447.3,9586.0,9421.8,9493.3,164274.0
2016-02-29,9445.3,9519.1,9339.8,9415.8,136051.0
2016-03-01,9436.8,9788.9,9436.8,9779.8,117721.0
2016-03-02,9811.8,9850.5,9706.5,9792.7,114912.0
2016-03-03,9820.5,9823.5,9719.0,9800.5,76631.0
2016-03-04,9794.5,9912.9,9751.0,9803.3,130970.0
2016-03-07,9798.5,9823.3,9699.5,9786.0,146070.0
2016-03-08,9722.5,9801.5,9626.0,9689.5,141103.0
2016-03-09,9725.5,9853.5,9690.0,9727.7,164910.0
2016-03-10,9741.5,10010.2,9407.0,9526.5,263987.0
2016-03-11,9652.5,9907.0,9636.5,9906.5,180134.0
2016-03-14,9890.0,10054.0,9881.5,10014.1,152197.0
2016-03-15,9969.6,9993.9,9906.6,9975.1,139396.0
2016-03-16,9977.1,10040.8,9932.6,10018.0,147679.0
2016-03-17,10060.0,10088.5,9765.0,9907.5,152355.0
2016-03-18,9891.3,9986.0,9842.7,9968.5,120124.0
2016-03-21,9942.5,10122.5,9881.5,9980.5,112015.0
2016-03-22,9979.5,10026.9,9779.5,10013.5,121771.0
2016-03-23,10006.0,10142.8,9991.3,10021.3,74548.0
2016-03-24,9979.3,10014.3,9867.3,9924.8,142737.0
2016-03-29,9933.8,9984.6,9834.3,9962.3,152450.0
2016-03-30,9977.8,10130.6,9955.3,10069.8,116402.0
2016-03-31,10045.8,10060.3,9953.4,9958.9,87366.0
2016-04-01,9896.4,9909.4,9702.0,9847.5,151105.0
2016-04-04,9854.0,9938.0,9758.0,9800.7,80108.0
2016-04-05,9739.0,9744.5,9547.0,9551.5,65618.0
2016-04-06,9609.0,9691.0,9528.5,9690.5,52930.0
2016-04-07,9673.0,9727.0,9462.3,9498.8,58013.0
2016-04-08,9576.0,9698.9,9561.0,9638.1,46972.0
2016-04-11,9641.1,9775.7,9543.1,9668.7,93376.0
2016-04-12,9696.2,9822.7,9638.2,9815.7,63977.0
2016-04-13,9883.7,10065.1,9883.7,10042.4,65035.0
2016-04-14,10060.4,10129.9,10037.9,10110.7,57443.0
2016-04-15,10097.4,10117.4,10033.4,10063.0,50608.0
2016-04-18,9956.5,10174.3,9928.5,10167.4,39940.0
2016-04-19,10207.4,10399.5,10172.9,10392.5,45397.0
2016-04-20,10331.0,10486.0,10306.0,10460.1,58451.0
2016-04-21,10480.6,10513.1,10361.7,10431.1,77140.0
2016-04-22,10416.1,10453.6,10348.1,10430.6,49113.0
2016-04-25,10384.6,10429.8,10254.1,10345.6,61633.0
2016-04-26,10343.1,10413.3,10235.1,10315.1,66144.0
2016-04-27,10272.6,10371.1,10243.6,10352.6,64347.0
2016-04-28,10270.1,10356.4,10143.6,10240.1,101545.0
2016-04-29,10224.6,10274.4,10046.6,10087.7,82762.0
2016-05-02,10093.4,10168.2,10074.9,10151.8,63607.0
2016-05-03,10122.8,10142.8,9928.4,9952.4,58164.0
2016-05-04,9952.9,9973.6,9815.9,9838.4,73678.0
2016-05-05,9893.4,9927.4,9803.5,9848.5,54898.0
2016-05-06,9807.2,9930.3,9733.7,9921.8,57030.0
2016-05-09,9966.3,10073.8,9876.8,9988.8,60629.0
2016-05-10,10033.8,10115.0,9993.8,10094.3,95512.0
2016-05-11,10060.3,10068.3,9929.3,9942.3,60208.0
2016-05-12,9966.3,10088.6,9837.8,9893.8,92884.0
2016-05-13,9810.8,9980.8,9762.8,9884.3,70690.0
2016-05-17,10003.5,10081.0,9813.1,9831.6,80814.0
2016-05-18,9839.1,9961.5,9794.1,9928.7,82607.0
2016-05-19,9887.7,9909.4,9768.7,9827.2,78298.0
2016-05-20,9907.2,9922.7,9847.7,9912.2,69232.0
2016-05-23,9925.7,9973.2,9806.7,9843.2,112071.0
2016-05-24,9807.0,10124.5,9769.0,10103.5,102404.0
2016-05-25,10140.0,10234.5,10129.0,10203.5,106778.0
2016-05-26,10177.0,10289.5,10172.0,10264.0,72074.0
2016-05-27,10279.9,10308.9,10241.9,10297.4,70319.0
2016-05-30,10322.6,10350.6,10285.6,10343.1,23574.0
2016-05-31,10367.1,10375.1,10230.5,10270.6,71272.0
2016-06-01,10246.6,10288.6,10163.0,10213.1,66249.0
2016-06-02,10182.6,10259.1,10153.6,10255.6,90006.0
2016-06-03,10251.1,10286.6,10036.1,10111.1,63269.0
2016-06-06,10122.6,10154.1,10091.6,10126.6,90137.0
2016-06-07,10163.6,10319.0,10155.1,10253.9,60592.0
2016-06-08,10255.7,10271.4,10176.2,10228.2,90467.0
2016-06-09,10201.7,10212.9,10043.7,10094.7,81900.0
2016-06-10,10067.2,10082.5,9773.7,9801.7,76482.0
2016-06-13,9700.1,9758.3,9596.6,9619.1,116161.0
2016-06-14,9613.6,9631.8,9503.1,9575.6,127459.0
2016-06-15,9563.1,9666.5,9557.5,9583.0,102683.0
2016-06-16,9484.5,9664.2,9428.5,9658.0,162762.0
2016-06-17,9667.3,9719.6,9570.8,9704.8,126391.0
2016-06-20,9917.1,9991.6,9917.1,9919.6,50080.0
2016-06-21,9973.7,10118.0,9923.7,10059.0,142757.0
2016-06-22,10099.2,10149.0,10039.0,10046.0,62084.0
2016-06-23,10142.5,10344.5,10097.5,10318.5,127705.0
2016-06-24,9291.7,9716.3,9158.2,9483.2,168893.0
2016-06-27,9414.2,9587.7,9207.7,9346.3,167706.0
2016-06-28,9408.8,9552.3,9404.3,9508.7,94137.0
2016-06-29,9545.2,9638.9,9499.2,9608.7,162255.0
2016-06-30,9621.8,9791.1,9506.3,9746.3,109078.0
2016-07-01,9719.3,9800.8,9651.3,9743.8,45925.0
2016-07-04,9764.8,9807.0,9692.8,9729.3,86531.0
2016-07-05,9694.7,9694.7,9458.3,9484.8,70821.0
2016-07-06,9450.5,9528.7,9295.5,9437.7,123466.0
2016-07-07,9425.0,9502.8,9356.0,9392.5,125393.0
2016-07-08,9385.0,9650.2,9362.0,9629.0,104547.0
2016-07-11,9715.0,9840.8,9681.0,9781.8,68470.0
2016-07-12,9804.3,10011.8,9792.8,9944.3,58993.0
2016-07-13,9932.8,9998.8,9895.3,9922.3,94091.0
2016-07-14,9947.8,10109.1,9942.8,10053.8,76556.0
2016-07-15,10039.3,10099.3,9972.3,10060.3,63910.0
2016-07-18,10089.8,10162.1,10005.0,10052.3,66370.0
2016-07-19,10027.8,10049.8,9918.3,9982.3,39108.0
2016-07-20,9996.8,10146.3,9984.8,10121.7,57619.0
2016-07-21,10130.9,10196.7,10086.4,10121.4,86970.0
2016-07-22,10109.5,10181.5,10066.0,10155.8,103705.0
2016-07-25,10122.8,10264.6,10113.3,10186.8,72993.0
2016-07-26,10216.8,10278.0,10146.3,10258.8,96312.0
2016-07-27,10287.3,10354.3,10280.8,10295.3,96109.0
2016-07-28,10311.3,10388.3,10265.8,10350.3,110325.0
2016-07-29,10342.3,10362.0,10339.8,10339.8,98728.0
2016-08-01,10455.8,10475.8,10277.8,10298.0,89325.0
2016-08-02,10306.0,10343.7,10117.5,10149.0,71577.0
2016-08-03,10125.5,10218.5,10095.0,10214.0,50236.0
2016-08-04,10265.0,10287.1,10183.0,10240.0,36886.0
2016-08-05,10250.5,10377.5,10215.5,10370.0,27778.0
2016-08-08,10433.5,10483.0,10403.5,10435.0,20459.0
2016-08-09,10418.5,10706.8,10414.5,10677.2,23494.0
2016-08-10,10693.7,10714.7,10637.7,10647.5,24585.0
2016-08-11,10677.4,10747.2,10636.0,10733.2,28435.0
2016-08-12,10727.6,10741.1,10687.6,10707.6,21654.0
2016-08-15,10727.1,10811.1,10716.1,10734.2,17076.0
2016-08-16,10702.2,10744.7,10637.7,10662.7,26972.0
2016-08-17,10667.7,10709.2,10518.8,10615.5,30926.0
2016-08-18,10613.5,10632.5,10553.0,10604.5,23347.0
2016-08-19,10630.0,10635.0,10493.7,10564.3,34587.0
2016-08-22,10536.8,10662.3,10389.8,10512.3,34944.0
2016-08-23,10525.8,10630.3,10513.3,10587.8,32271.0
2016-08-24,10556.8,10656.8,10519.3,10591.8,30757.0
2016-08-25,10612.3,10618.8,10471.8,10510.3,34064.0
2016-08-26,10518.8,10621.3,10457.6,10530.3,38422.0
2016-08-29,10530.8,10577.3,10442.8,10575.3,24922.0
2016-08-30,10580.3,10694.0,10578.8,10655.3,27758.0
2016-08-31,10650.3,10671.8,10559.5,10592.0,29875.0
2016-09-01,10621.5,10685.5,10494.5,10572.8,36016.0
2016-09-02,10561.3,10730.5,10517.8,10715.0,36803.0
2016-09-05,10750.0,10752.5,10675.0,10689.5,18054.0
2016-09-06,10695.0,10747.0,10660.0,10702.5,26561.0
2016-09-07,10725.5,10783.0,10662.0,10750.3,27238.0
2016-09-08,10754.5,10786.0,10570.5,10673.2,39082.0
2016-09-09,10665.0,10677.5,10475.5,10477.5,54906.0
2016-09-12,10397.5,10545.0,10323.0,10542.0,49957.0
2016-09-13,10510.5,10514.7,10353.2,10417.5,71356.0
2016-09-14,10440.0,10457.5,10350.0,10368.0,54039.0
2016-09-15,10362.0,10474.9,10336.2,10456.9,44464.0
2016-09-16,10412.3,10427.8,10244.8,10292.3,51658.0
2016-09-19,10334.9,10385.2,10323.2,10344.2,31172.0
2016-09-20,10356.2,10467.5,10355.7,10400.2,90677.0
2016-09-21,10442.2,10535.5,10403.1,10509.3,102741.0
2016-09-22,10506.8,10706.7,10491.8,10673.1,78576.0
2016-09-23,10675.0,10676.9,10604.5,10613.0,53635.0
2016-09-26,10551.5,10578.5,10378.5,10384.5,54368.0
2016-09-27,10449.0,10464.5,10261.0,10397.5,119354.0
2016-09-28,10378.5,10521.8,10369.5,10511.3,59954.0
2016-09-29,10535.3,10576.1,10254.6,10286.5,188480.0
2016-09-30,10250.3,10550.3,10181.1,10522.3,109474.0
2016-10-04,10508.8,10645.9,10485.8,10556.2,206176.0
2016-10-05,10588.9,10622.9,10479.9,10600.9,132499.0
2016-10-06,10594.7,10644.2,10535.2,10597.8,120271.0
2016-10-07,10564.3,10579.8,10449.4,10483.9,176874.0
2016-10-10,10503.9,10649.2,10450.0,10619.0,82597.0
2016-10-11,10590.2,10692.2,10543.8,10569.5,83574.0
2016-10-12,10577.0,10602.6,10500.0,10544.5,68607.0
2016-10-13,10428.0,10472.5,10345.0,10451.0,99971.0
2016-10-14,10465.5,10616.4,10440.0,10587.4,55309.0
2016-10-17,10542.9,10583.9,10488.0,10506.3,99284.0
2016-10-18,10561.3,10660.0,10539.3,10627.3,90114.0
2016-10-19,10622.7,10676.2,10589.2,10656.2,71675.0
2016-10-20,10685.2,10752.0,10593.2,10714.6,99092.0
2016-10-21,10698.3,10740.3,10673.5,10723.5,85010.0
2016-10-24,10709.1,10825.4,10706.2,10776.7,38514.0
2016-10-25,10792.6,10833.6,10744.1,10771.8,87841.0
2016-10-26,10766.6,10773.6,10633.0,10697.5,107853.0
2016-10-27,10664.2,10778.2,10660.1,10711.5,88214.0
2016-10-28,10686.4,10720.7,10580.0,10655.0,165742.0
2016-10-31,10685.5,10697.1,10685.1,10685.1,62116.0
2016-11-01,10730.1,10747.1,10459.4,10500.2,74411.0
2016-11-02,10436.2,10473.7,10331.3,10381.3,95018.0
2016-11-03,10386.8,10411.6,10298.0,10303.0,135248.0
2016-11-04,10320.0,10326.0,10204.2,10221.7,111317.0
2016-11-07,10414.2,10472.2,10380.2,10471.7,50830.0
2016-11-08,10443.7,10556.2,10416.0,10536.7,53668.0
2016-11-09,10032.7,10686.0,10032.7,10660.5,160130.0
2016-11-10,10707.0,10801.0,10578.0,10675.0,112264.0
2016-11-11,10677.5,10717.5,10589.0,10690.5,77832.0
2016-11-14,10776.0,10805.0,10671.9,10712.5,102347.0
2016-11-15,10708.5,10764.4,10668.0,10761.0,102238.0
2016-11-16,10783.5,10784.0,10614.0,10666.5,104357.0
2016-11-17,10681.3,10737.0,10608.0,10736.0,97379.0
2016-11-18,10731.0,10755.0,10652.0,10667.0,107168.0
2016-11-21,10691.5,10734.0,10597.5,10718.0,87353.0
2016-11-22,10770.5,10779.5,10706.0,10749.0,89714.0
2016-11-23,10743.5,10752.0,10607.5,10684.5,111106.0
2016-11-24,10677.5,10724.5,10656.5,10698.5,60535.0
2016-11-25,10706.5,10722.0,10706.5,10709.0,54216.0
2016-11-28,10685.5,10696.5,10558.5,10562.7,103153.0
2016-11-29,10572.0,10651.5,10544.0,10627.0,90611.0
2016-11-30,10630.5,10700.0,10608.5,10619.5,116243.0
2016-12-01,10615.0,10632.5,10483.5,10490.5,116016.0
2016-12-02,10477.0,10551.0,10406.0,10525.5,94600.0
2016-12-05,10460.0,10744.5,10426.0,10716.0,139057.0
2016-12-06,10718.5,10846.0,10671.0,10835.5,106515.0
2016-12-07,10859.5,11092.5,10851.0,11049.0,96327.0
2016-12-08,11033.0,11213.0,10985.5,11180.0,124489.0
2016-12-12,11202.6,11219.9,11159.3,11173.8,30141.0
2016-12-13,11178.5,11314.6,11178.5,11283.6,45073.0
2016-12-14,11275.9,11327.2,11227.5,11237.9,52595.0
2016-12-15,11263.3,11345.3,11256.8,11304.8,22868.0
2017-01-18,11578.9,11636.9,11537.6,11560.9,841.0
2017-01-19,11632.4,11652.6,11566.6,11616.0,841.0
2017-01-20,11599.1,11642.7,11553.0,11592.1,840.0
2017-01-23,11586.6,11616.1,11514.9,11586.6,841.0
2017-01-24,11562.6,11666.9,11547.7,11632.1,841.0
2017-01-25,11797.4,11869.1,11647.9,11765.1,841.0
2017-01-26,11854.9,11903.6,11830.0,11876.3,841.0
2017-01-27,11823.0,11875.9,11809.9,11846.9,841.0
2017-01-30,11743.3,11804.9,11672.4,11710.9,841.0
2017-01-31,11700.1,11743.3,11544.6,11720.6,841.0
2017-02-01,11689.9,11733.6,11619.4,11650.1,841.0
2017-02-02,11612.7,11695.0,11606.9,11644.4,841.0
2017-02-03,11660.7,11731.1,11630.1,11661.1,840.0
2017-02-06,11611.4,11687.1,11483.6,11611.2,841.0
2017-02-07,11525.3,11610.6,11467.6,11591.1,841.0
2017-02-08,11577.2,11596.6,11484.6,11556.9,841.0
2017-02-09,11591.8,11678.9,11551.4,11564.3,841.0
2017-02-10,11667.4,11726.4,11647.4,11696.4,841.0
2017-02-13,11674.9,11818.1,11674.9,11771.6,840.0
2017-02-14,11775.4,11809.5,11756.0,11786.3,841.0
2017-02-15,11802.7,11854.9,11726.3,11802.8,841.0
2017-02-16,11774.4,11819.4,11732.4,11774.4,841.0
2017-02-17,11754.2,11804.6,11696.2,11715.6,840.0
2017-04-18,12028.0,12034.7,11957.4,11983.7,52815.0
2017-04-24,12403.1,12476.5,12400.6,12459.9,29874.0
2017-04-25,12433.9,12491.6,12426.7,12464.6,32490.0
2017-04-27,12434.2,12472.2,12428.7,12439.7,47528.0
2017-04-28,12427.7,12454.4,12426.9,12426.9,61382.0
2017-05-02,12449.8,12523.2,12424.9,12515.2,52756.0
2017-05-03,12497.0,12530.2,12468.1,12520.7,55797.0
2017-05-04,12541.9,12650.8,12531.4,12636.5,59911.0
2017-05-05,12606.3,12825.0,12589.4,12807.5,75193.0
2017-05-08,12790.8,12803.4,12652.3,12697.6,81090.0
2017-05-09,12697.8,12779.5,12692.9,12741.8,43255.0
2017-05-10,12721.4,12774.5,12705.9,12762.8,31093.0
2017-05-11,12755.6,12772.8,12660.1,12737.0,38494.0
2017-05-12,12720.2,12785.8,12706.9,12780.9,29472.0
2017-05-15,12812.8,12844.6,12727.7,12807.9,31774.0
2017-05-16,12795.2,12841.3,12773.6,12803.3,32796.0
2017-05-17,12746.1,12789.4,12544.2,12544.2,59586.0
2017-05-18,12570.1,12641.1,12492.4,12612.0,80673.0
2017-05-19,12619.1,12656.7,12595.0,12626.4,40393.0
2017-05-22,12660.0,12687.7,12566.4,12626.8,39064.0
2017-05-23,12600.1,12703.1,12584.2,12666.0,46953.0
2017-05-24,12641.9,12661.9,12612.2,12643.0,53736.0
2017-05-25,12668.0,12710.4,12537.5,12617.3,83906.0
2017-05-26,12591.3,12609.4,12526.6,12597.0,47010.0
2017-05-30,12611.4,12647.3,12563.0,12585.7,47958.0
2017-05-31,12572.2,12709.3,12571.1,12628.7,148115.0
2017-06-01,12644.2,12699.4,12619.1,12696.9,40008.0
2017-06-02,12741.7,12882.1,12730.2,12844.4,116317.0
2017-06-06,12787.9,12795.3,12654.3,12666.9,110249.0
2017-06-07,12679.1,12748.7,12636.7,12695.1,118464.0
2017-06-08,12696.1,12746.4,12673.9,12730.9,102821.0
2017-06-09,12728.2,12825.6,12702.5,12773.4,170502.0
2017-06-12,12764.2,12788.0,12666.2,12705.0,147893.0
2017-06-13,12696.7,12814.6,12696.7,12802.1,71084.0
2017-06-14,12783.0,12926.7,12779.7,12838.1,61043.0
2017-06-15,12813.7,12816.9,12620.3,12699.5,44519.0
2017-06-16,12717.1,12766.5,12709.9,12760.0,87610.0
2017-06-19,12783.4,12918.5,12783.0,12909.1,31346.0
2017-06-20,12935.9,12958.0,12782.9,12812.9,29133.0
2017-06-21,12793.1,12808.6,12710.5,12766.1,37799.0
2017-06-22,12782.8,12808.8,12716.6,12775.3,55247.0
2017-06-23,12794.8,12795.2,12671.1,12735.6,36921.0
2017-06-26,12757.9,12842.6,12750.6,12771.0,32219.0
2017-06-27,12750.5,12758.7,12587.8,12598.8,53895.0
2017-06-28,12579.5,12690.9,12536.7,12674.4,48931.0
2017-06-29,12729.5,12733.3,12349.7,12402.2,67180.0
2017-06-30,12407.8,12460.3,12311.2,12375.2,54155.0
2017-07-03,12412.5,12488.0,12384.1,12444.1,32902.0
2017-07-04,12436.4,12484.6,12415.0,12446.6,23833.0
2017-07-05,12437.0,12499.5,12269.1,12482.9,84965.0
2017-07-06,12478.4,12490.8,12313.7,12347.1,52713.0
2017-07-07,12344.1,12423.8,12335.3,12417.0,48692.0
2017-07-10,12448.2,12482.9,12401.7,12454.2,26656.0
2017-07-11,12469.2,12539.0,12413.8,12483.0,32388.0
2017-07-12,12463.6,12656.4,12452.0,12634.4,34296.0
2017-07-13,12648.1,12678.3,12612.8,12652.3,26780.0
2017-07-14,12650.3,12663.6,12575.2,12647.1,32491.0
2017-07-17,12650.7,12674.5,12538.6,12581.4,28761.0
2017-07-18,12558.5,12574.4,12379.5,12436.5,42967.0
2017-07-19,12451.6,12487.6,12415.5,12480.4,29381.0
2017-07-20,12497.9,12573.3,12386.8,12445.8,71237.0
2017-07-21,12438.9,12463.8,12186.9,12250.1,60002.0
2017-07-24,12225.4,12253.2,12137.9,12246.1,33973.0
2017-07-25,12243.2,12298.8,12207.9,12263.0,40578.0
2017-07-26,12247.6,12340.9,12239.6,12258.2,40550.0
2017-07-27,12280.8,12294.0,12144.1,12187.4,44213.0
2017-07-28,12143.2,12182.2,12091.2,12171.8,53888.0
2017-07-31,12150.7,12209.0,12081.8,12097.2,47125.0
2017-08-01,12130.8,12302.1,12084.5,12250.6,53704.0
2017-08-02,12263.0,12278.8,12148.3,12181.6,57905.0
2017-08-03,12167.0,12182.6,12093.2,12138.7,53780.0
2017-08-04,12141.3,12322.5,12122.3,12290.4,49083.0
2017-08-07,12303.2,12336.0,12220.4,12248.5,37823.0
2017-08-08,12230.6,12331.1,12178.9,12240.2,46048.0
2017-08-09,12193.8,12227.7,12096.4,12175.2,73056.0
2017-08-10,12147.2,12161.1,11946.7,11955.2,73346.0
2017-08-11,11942.0,12047.8,11932.8,11996.5,79322.0
2017-08-14,12055.3,12195.9,12055.2,12163.2,64824.0
2017-08-15,12208.7,12235.4,12153.8,12198.1,65629.0
2017-08-16,12191.4,12300.1,12191.2,12233.3,54509.0
2017-08-17,12228.4,12289.2,12119.3,12120.2,73595.0
2017-08-18,12131.9,12197.3,12079.5,12155.6,70699.0
2017-08-21,12147.1,12161.3,12015.5,12069.0,69477.0
2017-08-22,12108.1,12251.5,12106.4,12249.5,51020.0
2017-08-23,12232.6,12269.5,12152.4,12184.4,57485.0
2017-08-24,12171.9,12256.7,12167.4,12177.4,52804.0
2017-08-25,12200.4,12249.7,12128.4,12167.3,70579.0
2017-08-28,12083.6,12173.2,12077.7,12121.8,29091.0
2017-08-29,12037.8,12075.1,11863.9,11984.3,83775.0
2017-08-30,11999.9,12038.2,11984.8,12019.7,56691.0
2017-08-31,12048.3,12114.0,12029.3,12061.9,55536.0
2017-09-01,12060.5,12190.3,12059.9,12143.4,69416.0
2017-09-04,12070.9,12137.7,12030.7,12118.4,38099.0
2017-09-05,12107.9,12210.9,12041.6,12070.7,81615.0
2017-09-06,12062.8,12303.3,12052.1,12279.0,76495.0
2017-09-07,12261.2,12367.3,12257.7,12318.4,92254.0
2017-09-08,12261.5,12325.4,12244.7,12291.9,59433.0
2017-09-11,12373.5,12510.9,12373.4,12496.6,44912.0
2017-09-12,12507.4,12561.1,12503.0,12514.3,56292.0
2017-09-13,12511.0,12569.6,12476.1,12545.7,38658.0
2017-09-14,12535.4,12559.0,12499.6,12544.6,47122.0
2017-09-15,12532.9,12564.9,12507.5,12532.9,66611.0
2017-09-18,12594.7,12616.8,12535.5,12562.7,45355.0
2017-09-19,12567.7,12567.7,12526.1,12557.1,49917.0
2017-09-20,12558.6,12640.4,12514.8,12638.4,44292.0
2017-09-21,12610.8,12624.6,12581.2,12596.4,40503.0
2017-09-22,12560.9,12648.1,12558.9,12612.7,42390.0
2017-09-25,12572.3,12635.4,12549.9,12573.7,67121.0
2017-09-26,12571.4,12632.2,12551.8,12602.0,56994.0
2017-09-27,12630.3,12704.3,12623.4,12679.2,59203.0
2017-09-28,12697.3,12725.8,12664.8,12716.8,50601.0
2017-09-29,12726.3,12849.5,12721.3,12844.5,43066.0
2017-10-02,12890.1,12918.0,12850.0,12912.5,38564.0
2017-10-04,12947.5,12984.2,12895.1,12944.6,47749.0
2017-10-05,12951.1,12990.5,12935.1,12984.0,33312.0
2017-10-06,12987.1,12995.9,12942.6,12970.0,35427.0
2017-10-09,12979.2,12999.7,12938.3,12945.3,24036.0
2017-10-10,12961.8,12985.3,12910.1,12961.6,38484.0
2017-10-11,12975.7,12987.7,12927.1,12976.2,28093.0
2017-10-12,12976.1,13006.2,12946.0,12978.2,27724.0
2017-10-13,13004.4,13042.4,12966.4,12997.0,32075.0
2017-10-16,13015.7,13030.2,12980.2,13001.2,24912.0
2017-10-17,13007.2,13035.6,12968.2,13009.2,33225.0
2017-10-18,13015.2,13098.7,13005.0,13056.5,44324.0
2017-10-19,13050.2,13051.2,12925.8,12999.2,83471.0
2017-10-20,13033.7,13068.3,12957.4,12991.2,55867.0
2017-10-23,12995.2,13073.3,12975.7,12984.9,38561.0
2017-10-24,12988.6,13050.1,12974.5,13020.2,44227.0
2017-10-25,13004.0,13052.6,12916.4,12971.8,68780.0
2017-10-26,12972.3,13172.7,12943.2,13162.1,63650.0
2017-10-27,13189.4,13254.4,13185.4,13221.4,47195.0
2017-10-30,13217.5,13258.9,13212.4,13229.2,21926.0
2017-11-01,13315.1,13491.2,13313.5,13467.4,35246.0
2017-11-02,13437.8,13470.3,13404.5,13468.3,29172.0
2017-11-03,13477.0,13506.3,13428.0,13470.4,27872.0
2017-11-06,13477.3,13482.3,13440.9,13471.1,24273.0
2017-11-07,13513.1,13534.1,13337.5,13370.0,64395.0
2017-11-08,13372.4,13419.6,13344.1,13393.6,55063.0
2017-11-09,13372.0,13404.0,13104.2,13223.1,64165.0
2017-11-10,13181.3,13217.3,13108.8,13124.1,42980.0
2017-11-13,13144.9,13162.9,12958.5,13106.1,56158.0
2017-11-14,13082.6,13137.1,12996.7,13037.4,79579.0
2017-11-15,12977.3,12997.0,12841.8,12952.6,100633.0
2017-11-16,13037.5,13094.8,13003.5,13082.2,34314.0
2017-11-17,13045.2,13087.7,12964.8,12975.2,37314.0
2017-11-20,12876.4,13084.4,12853.9,13050.3,50039.0
2017-11-21,13067.8,13209.3,13021.3,13170.7,42346.0
2017-11-22,13179.7,13188.7,12962.0,12976.0,57872.0
2017-11-23,12972.4,13048.4,12900.8,13004.4,43317.0
2017-11-24,13020.8,13159.8,12975.3,13063.2,39346.0
2017-11-27,13032.9,13115.4,12982.6,13007.6,81341.0
2017-11-28,13008.7,13127.7,12960.3,13114.1,61781.0
2017-11-29,13140.1,13195.5,13028.1,13057.1,86855.0
2017-11-30,13058.0,13176.5,13018.5,13043.8,66825.0
2017-12-01,13055.8,13064.5,12805.1,12942.5,120061.0
2017-12-04,13022.6,13116.8,12970.0,13026.6,99683.0
2017-12-05,13063.5,13094.5,12956.4,13000.1,104445.0
2017-12-06,12932.4,13033.4,12860.0,12998.3,87991.0
2017-12-07,13046.3,13105.2,12984.2,13094.3,44365.0
2017-12-08,13157.9,13242.3,13134.3,13161.4,64894.0
2017-12-11,13175.3,13183.5,13110.8,13152.3,48617.0
2017-12-12,13145.7,13184.6,13076.6,13165.3,57823.0
2017-12-13,13149.0,13189.9,13069.0,13073.0,42493.0
2017-12-14,13085.3,13158.6,13006.8,13029.3,48964.0
2017-12-15,13048.3,13138.1,13003.8,13122.6,42681.0
2017-12-18,13205.4,13335.3,13189.4,13312.7,42780.0
2017-12-19,13325.1,13339.3,13203.4,13230.4,28339.0
2017-12-20,13244.4,13252.9,13020.9,13070.0,49449.0
2017-12-21,13053.7,13138.0,13010.5,13070.9,37644.0
2017-12-22,13069.3,13106.2,13048.2,13075.1,38946.0
2017-12-27,13060.8,13130.8,13014.7,13058.7,40087.0
2017-12-28,13054.4,13067.4,12961.3,12983.9,24789.0
2017-12-29,12988.4,13237.3,12827.2,12857.2,30154.0
2018-01-02,12922.2,12942.2,12732.8,12882.8,40763.0
2018-01-03,12911.3,13020.3,12889.3,13011.0,42837.0
2018-01-04,13037.0,13206.3,13035.0,13166.5,44947.0
2018-01-05,13186.1,13343.5,13172.1,13333.6,51608.0
2018-01-08,13384.5,13412.3,13331.5,13368.6,31228.0
2018-01-09,13372.2,13421.0,13352.3,13395.2,30981.0
2018-01-10,13364.2,13376.1,13222.6,13262.6,50938.0
2018-01-11,13291.4,13300.8,13145.5,13242.6,43763.0
2018-01-12,13236.1,13259.3,13160.6,13234.1,48593.0
2018-01-15,13240.3,13251.8,13166.0,13190.4,23316.0
2018-01-16,13216.0,13347.0,13128.6,13143.9,67344.0
2018-01-17,13184.9,13252.6,13129.4,13233.4,58739.0
2018-01-18,13223.2,13301.2,13194.5,13278.8,52740.0
2018-01-19,13261.0,13470.4,13252.0,13460.3,72402.0
2018-01-22,13452.9,13515.3,13405.8,13502.6,63929.0
2018-01-23,13564.6,13596.0,13513.6,13569.2,59837.0
2018-01-24,13561.8,14060.4,13368.7,14060.4,72888.0
2018-01-25,13400.3,13442.2,13216.2,13313.1,85793.0
2018-01-26,13307.5,13384.7,13259.6,13383.1,67533.0
2018-01-29,13356.3,13365.6,13266.1,13300.9,41100.0
2018-01-30,13216.1,13305.7,13166.4,13190.2,58685.0
2018-01-31,13204.4,13263.4,13153.5,13193.1,81437.0
2018-02-01,13249.5,13294.7,12928.5,12958.4,104815.0
2018-02-02,12970.0,12972.5,12687.8,12703.1,124879.0
2018-02-05,12672.6,12746.9,12133.0,12254.4,109322.0
2018-02-06,12209.0,12641.2,12155.7,12637.4,147527.0
2018-02-07,12483.1,12643.1,12402.3,12524.4,132830.0
2018-02-08,12509.5,12541.7,12121.4,12121.4,154586.0
2018-02-09,12206.4,12289.6,11898.3,12204.2,156179.0
2018-02-11,12204.2,12204.2,12204.2,12204.2,1.0
2018-02-12,12259.7,12371.0,12208.5,12339.0,120829.0
2018-02-13,12279.9,12290.1,12172.7,12244.5,114368.0
2018-02-14,12263.7,12433.8,12057.5,12406.2,110020.0
2018-02-15,12443.9,12474.6,12265.7,12350.4,114600.0
2018-02-16,12373.8,12528.1,12358.0,12477.6,105591.0
2018-02-19,12515.6,12525.3,12352.6,12385.2,51719.0
2018-02-20,12386.0,12497.2,12321.1,12424.7,110800.0
2018-02-21,12458.3,12503.8,12360.5,12387.4,96903.0
2018-02-22,12366.1,12493.1,12272.5,12420.0,120160.0
2018-02-23,12500.4,12547.6,12425.1,12537.3,96956.0
2018-02-26,12571.8,12598.7,12476.3,12578.2,90889.0
2018-02-27,12547.2,12570.0,12419.3,12424.0,115254.0
2018-02-28,12430.3,12514.5,12357.4,12360.2,101052.0
2018-03-01,12379.5,12398.1,12006.5,12057.4,151537.0
2018-03-02,12082.2,12082.2,11869.7,11998.7,119485.0
2018-03-05,11899.6,12179.9,11723.1,12164.1,133487.0
2018-03-06,12203.6,12269.3,12100.1,12152.6,156174.0
2018-03-07,11991.9,12274.9,11990.3,12255.8,151587.0
2018-03-08,12255.5,12381.3,12171.5,12344.1,113403.0
2018-03-09,12348.1,12409.4,12279.7,12369.7,99201.0
2018-03-11,12369.7,12369.7,12369.7,12369.7,1.0
2018-03-12,12424.3,12473.0,12356.2,12396.5,106437.0
2018-03-13,12431.3,12460.8,12114.8,12152.4,127207.0
2018-03-14,12179.0,12323.0,12163.5,12255.6,146742.0
2018-03-15,12273.0,12382.0,12237.3,12379.8,96662.0
2018-03-16,12350.5,12452.3,12332.1,12393.3,108213.0
2018-03-19,12356.1,12367.6,12152.3,12240.1,124271.0
2018-03-20,12268.4,12342.7,12183.9,12338.9,97367.0
2018-03-21,12326.6,12365.5,12212.4,12254.7,102107.0
2018-03-22,12235.5,12265.7,11966.6,11984.1,132856.0
2018-03-23,11935.6,11998.6,11750.1,11779.3,179280.0
2018-03-26,11896.6,11978.1,11693.4,11914.0,114644.0
2018-03-27,11967.2,12036.7,11796.0,11843.5,126020.0
2018-03-28,11851.5,12007.2,11762.8,11933.0,170163.0
2018-03-29,11925.1,12158.3,11925.0,12114.4,113241.0
2018-04-03,11981.7,12063.9,11904.0,12051.6,152888.0
2018-04-04,12015.2,12071.7,11784.0,12061.0,137450.0
2018-04-05,12094.7,12321.6,12093.7,12274.1,94052.0
2018-04-06,12210.5,12291.3,12147.0,12180.8,113394.0
2018-04-09,12267.2,12372.6,12201.3,12231.0,92235.0
2018-04-10,12380.9,12427.3,12330.8,12379.4,79935.0
2018-04-11,12358.7,12390.7,12253.9,12274.8,97383.0
2018-04-12,12287.0,12435.8,12260.6,12426.8,96851.0
2018-04-13,12434.4,12526.6,12395.7,12447.7,73587.0
2018-04-16,12493.2,12500.3,12375.9,12415.5,63452.0
2018-04-17,12452.8,12619.7,12416.8,12583.1,43241.0
2018-04-18,12606.2,12642.2,12548.7,12591.7,60745.0
2018-04-19,12608.0,12621.7,12527.9,12554.7,80740.0
2018-04-20,12565.3,12589.5,12492.4,12527.8,99309.0
2018-04-23,12568.4,12593.4,12465.4,12567.9,79282.0
2018-04-24,12609.8,12652.0,12379.2,12441.2,66452.0
2018-04-25,12448.2,12487.7,12314.2,12441.5,95415.0
2018-04-26,12431.8,12576.0,12378.9,12556.3,86368.0
2018-04-27,12565.9,12629.7,12517.4,12585.2,91642.0
2018-04-30,12611.4,12624.4,12554.2,12567.7,67346.0
2018-05-02,12618.8,12833.7,12595.0,12785.7,91806.0
2018-05-03,12776.2,12804.2,12669.4,12743.7,60567.0
2018-05-04,12760.4,12853.4,12709.7,12836.2,90050.0
2018-05-07,12862.9,12965.9,12812.2,12926.9,57284.0
2018-05-08,12935.3,12937.9,12855.0,12936.5,106856.0
2018-05-09,12923.7,12997.2,12890.2,12979.2,84108.0
2018-05-10,12979.8,13036.5,12927.7,13030.5,70250.0
2018-05-11,13031.9,13035.2,12962.9,12988.9,52568.0
2018-05-14,13011.9,13019.7,12925.7,12971.0,59957.0
2018-05-15,12941.7,13009.9,12915.5,12990.4,63318.0
2018-05-16,12985.8,13030.2,12957.7,13015.9,40091.0
2018-05-17,12986.2,13122.2,12971.4,13103.7,36033.0
2018-05-18,13129.9,13136.9,13046.6,13072.4,63215.0
2018-05-22,13131.6,13204.7,13056.4,13157.7,70037.0
2018-05-23,13131.8,13149.0,12925.4,13004.9,81272.0
2018-05-24,12956.2,13004.7,12795.5,12883.2,59902.0
2018-05-25,12908.7,12995.0,12846.5,12925.4,54330.0
2018-05-27,12925.4,12925.4,12925.4,12925.4,1.0
2018-05-28,12976.3,13034.5,12819.4,12854.9,49208.0
2018-05-29,12833.9,12834.9,12569.7,12637.9,126570.0
2018-05-30,12657.0,12827.4,12652.5,12804.5,77142.0
2018-05-31,12768.7,12803.4,12537.5,12626.0,78337.0
2018-06-01,12638.9,12794.4,12638.9,12743.2,68736.0
2018-06-04,12748.5,12840.5,12706.0,12779.7,45155.0
2018-06-05,12786.0,12924.0,12744.5,12764.0,69624.0
2018-06-06,12809.2,12897.7,12721.4,12893.2,71341.0
2018-06-07,12880.8,12914.6,12659.8,12714.0,125686.0
2018-06-08,12680.0,12809.2,12603.1,12788.0,150105.0
2018-06-11,12774.6,12888.6,12742.4,12871.1,133116.0
2018-06-12,12884.6,12947.3,12805.5,12838.4,109131.0
2018-06-13,12851.9,12903.2,12773.9,12854.6,95774.0
2018-06-14,12820.4,13183.1,12796.2,13143.2,107468.0
2018-06-15,13139.5,13168.5,13000.1,13060.1,135263.0
2018-06-18,12972.5,12978.1,12776.7,12848.6,134313.0
2018-06-19,12659.7,12731.5,12585.7,12717.0,146606.0
2018-06-20,12744.9,12759.6,12662.6,12697.2,109676.0
2018-06-21,12697.0,12714.7,12440.1,12473.3,136401.0
2018-06-22,12512.3,12597.9,12476.4,12545.5,100576.0
2018-06-24,12545.5,12545.5,12545.5,12545.5,1.0
2018-06-25,12508.6,12531.3,12242.6,12281.4,175779.0
2018-06-26,12328.0,12348.1,12177.4,12285.4,135991.0
2018-06-27,12240.6,12435.2,12115.5,12268.2,201532.0
2018-06-28,12303.5,12368.9,12095.6,12214.2,198961.0
2018-06-29,12266.4,12377.2,12251.6,12275.2,163399.0
2018-07-02,12165.7,12301.7,12122.5,12289.9,187017.0
2018-07-03,12306.3,12422.3,12268.1,12300.0,117493.0
2018-07-04,12298.7,12343.5,12274.9,12326.7,87803.0
2018-07-05,12313.9,12511.4,12301.3,12471.6,167740.0
2018-07-06,12533.9,12550.4,12420.4,12492.6,143507.0
2018-07-09,12539.4,12567.4,12482.4,12561.6,93909.0
2018-07-10,12568.0,12636.9,12524.1,12600.2,80360.0
2018-07-11,12493.5,12515.0,12383.2,12412.2,131417.0
2018-07-12,12470.7,12509.2,12400.2,12502.5,108678.0
2018-07-13,12527.9,12577.9,12490.9,12538.0,103245.0
2018-07-16,12528.4,12597.8,12496.3,12572.4,108778.0
2018-07-17,12562.2,12730.7,12514.8,12702.3,92879.0
2018-07-18,12705.4,12776.6,12696.9,12752.7,98656.0
2018-07-19,12752.4,12755.6,12655.3,12679.1,112389.0
2018-07-20,12663.1,12702.8,12461.2,12537.4,135851.0
2018-07-23,12524.9,12592.0,12482.8,12569.2,120865.0
2018-07-24,12611.3,12752.3,12578.1,12673.1,148332.0
2018-07-25,12671.3,12742.3,12531.2,12711.5,110798.0
2018-07-26,12687.1,12831.9,12676.4,12802.6,153141.0
2018-07-27,12828.6,12886.5,12789.6,12820.2,151328.0
2018-07-30,12800.5,12847.0,12770.5,12786.7,92338.0
2018-07-31,12807.6,12857.8,12733.2,12808.0,119555.0
2018-08-01,12812.6,12836.6,12692.4,12723.1,134472.0
2018-08-02,12687.3,12688.2,12488.0,12600.3,175855.0
2018-08-03,12576.3,12644.0,12556.2,12634.7,123280.0
2018-08-06,12630.3,12713.4,12530.6,12599.1,117752.0
2018-08-07,12619.8,12736.5,12617.5,12656.0,93394.0
2018-08-08,12650.8,12702.8,12581.7,12605.1,93450.0
2018-08-09,12639.6,12696.0,12570.8,12674.3,122096.0
2018-08-10,12601.7,12624.8,12380.1,12412.3,163602.0
2018-08-13,12329.9,12395.5,12317.5,12345.3,112626.0
2018-08-14,12391.5,12458.7,12288.4,12408.9,132308.0
2018-08-15,12369.4,12428.6,12106.9,12179.4,179415.0
2018-08-16,12220.1,12268.3,12163.6,12221.2,116725.0
2018-08-17,12230.9,12248.3,12128.6,12223.1,118040.0
2018-08-20,12239.0,12369.3,12228.7,12309.4,88767.0
2018-08-21,12327.4,12427.3,12304.0,12376.6,72564.0
2018-08-22,12362.4,12435.6,12327.2,12368.7,87687.0
2018-08-23,12359.7,12408.3,12347.6,12354.6,94522.0
2018-08-24,12381.9,12442.3,12337.9,12394.2,82154.0
2018-08-27,12441.3,12560.1,12423.2,12546.2,75729.0
2018-08-28,12552.6,12593.2,12511.6,12526.4,86283.0
2018-08-29,12549.1,12571.5,12493.5,12565.2,88386.0
2018-08-30,12530.0,12533.2,12393.1,12446.1,107123.0
2018-08-31,12449.5,12465.5,12303.8,12339.2,163846.0
2018-09-03,12309.4,12351.9,12293.0,12329.9,63589.0
2018-09-04,12346.1,12398.5,12155.4,12214.6,197571.0
2018-09-05,12152.9,12163.1,12028.2,12051.2,183156.0
2018-09-06,12013.1,12087.4,11930.5,11976.6,186816.0
2018-09-07,11935.0,11984.7,11880.9,11933.1,150869.0
2018-09-10,11943.4,12035.1,11921.7,11991.7,145270.0
2018-09-11,12009.5,12017.4,11855.6,11987.0,183098.0
2018-09-12,11996.4,12041.3,11943.4,12002.2,169560.0
2018-09-13,12009.9,12123.9,11994.7,12076.3,181166.0
2018-09-14,12093.9,12130.0,12068.2,12115.6,98901.0
2018-09-16,12115.6,12115.6,12115.6,12115.6,1.0
2018-09-17,12080.2,12120.3,12033.3,12048.4,136138.0
2018-09-18,12061.6,12179.7,12057.4,12163.8,143630.0
2018-09-19,12178.4,12236.5,12148.4,12216.5,89559.0
2018-09-20,12204.7,12360.1,12197.8,12345.6,106414.0
2018-09-21,12380.1,12455.0,12364.9,12400.6,140526.0
2018-09-24,12376.7,12405.6,12336.3,12343.4,103216.0
2018-09-25,12343.6,12414.0,12314.8,12367.8,115951.0
2018-09-26,12409.1,12415.7,12323.0,12336.3,125067.0
2018-09-27,12315.4,12454.2,12266.4,12408.4,182428.0
2018-09-28,12422.2,12423.0,12182.7,12220.1,205277.0
2018-10-01,12250.8,12368.2,12237.7,12305.1,132862.0
2018-10-02,12272.7,12305.8,12195.2,12272.2,149994.0
2018-10-04,12243.2,12345.1,12167.0,12220.6,189502.0
2018-10-05,12243.1,12248.1,12048.9,12092.4,220929.0
2018-10-07,12092.4,12092.4,12092.4,12092.4,2.0
2018-10-08,12102.3,12102.3,11892.5,11969.5,209526.0
2018-10-09,11950.3,12000.9,11794.4,11956.4,229566.0
2018-10-10,11955.4,11989.9,11612.0,11656.1,278425.0
2018-10-11,11668.3,11676.8,11397.5,11491.5,359043.0
2018-10-12,11641.7,11701.9,11417.4,11558.9,348783.0
2018-10-15,11461.4,11643.4,11433.2,11606.9,271702.0
2018-10-16,11622.2,11811.9,11597.3,11800.6,232725.0
2018-10-17,11794.2,11843.2,11661.7,11729.0,264664.0
2018-10-18,11685.3,11786.4,11482.0,11525.6,278911.0
2018-10-19,11602.4,11618.0,11493.8,11546.4,310791.0
2018-10-22,11596.9,11673.6,11488.4,11522.3,243824.0
2018-10-23,11373.6,11429.8,11221.6,11383.3,331848.0
2018-10-24,11364.7,11389.0,11045.8,11067.1,314896.0
2018-10-25,11087.7,11367.9,11073.6,11304.0,311839.0
2018-10-26,11172.6,11284.7,11044.5,11193.1,349932.0
2018-10-29,11196.6,11442.5,11150.1,11250.7,286111.0
2018-10-30,11339.1,11430.1,11204.8,11382.6,306987.0
2018-10-31,11425.4,11496.6,11388.7,11420.6,219567.0
2018-11-01,11410.5,11569.4,11408.9,11477.4,206008.0
2018-11-02,11592.3,11685.7,11477.2,11546.1,234727.0
2018-11-05,11515.7,11552.4,11468.1,11500.2,158880.0
2018-11-06,11533.9,11542.0,11428.5,11531.5,163196.0
2018-11-07,11540.3,11653.3,11505.6,11649.3,159571.0
2018-11-08,11620.1,11643.4,11487.8,11512.0,173119.0
2018-11-09,11468.5,11550.8,11410.2,11534.6,191664.0
2018-11-12,11570.8,11597.3,11290.1,11296.9,235192.0
2018-11-13,11339.1,11493.8,11321.5,11411.5,261143.0
2018-11-14,11424.5,11563.0,11308.2,11400.8,262657.0
2018-11-15,11442.8,11497.4,11247.4,11447.1,273560.0
2018-11-16,11408.9,11444.0,11226.0,11367.5,207906.0
2018-11-19,11358.4,11416.6,11185.9,11205.1,261726.0
2018-11-20,11192.2,11196.6,11004.0,11062.4,342050.0
2018-11-21,11126.4,11261.8,11106.7,11233.5,259987.0
2018-11-22,11254.8,11258.8,11112.5,11144.8,162207.0
2018-11-23,11147.4,11204.1,11087.5,11176.5,185729.0
2018-11-26,11256.0,11389.6,11256.0,11378.4,238149.0
2018-11-27,11343.0,11439.8,11262.1,11325.7,260197.0
2018-11-28,11385.7,11419.4,11275.2,11404.7,239661.0
2018-11-29,11378.1,11401.6,11272.8,11323.6,238849.0
2018-11-30,11321.4,11327.2,11204.4,11312.2,218656.0
2018-12-03,11509.4,11567.1,11428.9,11474.8,243509.0
2018-12-04,11407.6,11441.4,11145.3,11161.2,299778.0
2018-12-05,11205.1,11263.8,11172.2,11188.2,135924.0
2018-12-06,11037.4,11087.8,10755.0,10932.3,382535.0
2018-12-07,10928.2,10928.4,10676.7,10711.2,335644.0
2018-12-10,10672.7,10755.8,10580.6,10714.5,332989.0
2018-12-11,10723.7,10883.1,10681.4,10803.7,338911.0
2018-12-12,10877.4,10968.3,10810.5,10923.9,306169.0
2018-12-13,10952.0,10983.0,10880.5,10901.4,295123.0
2018-12-14,10837.8,10901.4,10727.9,10829.9,287361.0
2018-12-17,10895.9,10914.6,10666.8,10712.2,286696.0
2018-12-18,10729.1,10839.2,10682.6,10750.4,337612.0
2018-12-19,10766.6,10829.3,10601.6,10654.2,252106.0
2018-12-20,10619.4,10683.7,10479.9,10526.9,310360.0
2018-12-21,10595.1,10656.0,10490.1,10520.1,322735.0
2018-12-24,10542.8,10547.9,10538.5,10538.5,83.0
2018-12-26,10308.1,10309.8,10301.1,10305.4,185.0
2018-12-27,10651.2,10667.4,10273.8,10469.3,335102.0
2018-12-28,10440.4,10614.2,10410.9,10570.8,295367.0
2018-12-31,10659.5,10672.6,10538.7,10654.7,35039.0
2019-01-02,10500.4,10635.8,10381.8,10633.6,309237.0
2019-01-03,10504.4,10535.8,10393.7,10418.0,298010.0
2019-01-04,10529.4,10830.5,10478.5,10802.5,305521.0
2019-01-07,10809.4,10842.6,10676.7,10738.6,273169.0
2019-01-08,10759.3,10908.7,10738.0,10840.3,285861.0
2019-01-09,10954.1,10959.2,10837.7,10897.5,85402.0
2019-01-10,10830.6,10972.8,10784.7,10968.8,170412.0
2019-01-11,10943.1,10963.3,10829.1,10894.1,142026.0
2019-01-14,10818.2,10888.3,10786.0,10869.0,129627.0
2019-01-15,10924.7,10996.7,10813.8,10908.6,159532.0
2019-01-16,10938.8,10947.7,10864.7,10934.5,126958.0
2019-01-17,10883.1,10981.2,10821.1,10962.6,161766.0
2019-01-18,10978.3,11258.8,10970.0,11235.3,166876.0
2019-01-21,11206.3,11206.5,11126.5,11149.3,71957.0
2019-01-22,11088.7,11146.1,11006.8,11027.2,155892.0
2019-01-23,11072.3,11139.1,11008.7,11058.7,220547.0
2019-01-24,11082.1,11163.5,11031.7,11158.1,239224.0
2019-01-25,11195.6,11325.7,11187.6,11258.3,230437.0
2019-01-28,11230.2,11278.8,11180.2,11239.3,198200.0
2019-01-29,11221.7,11281.0,11162.3,11209.6,181459.0
2019-01-30,11202.5,11237.1,11133.2,11211.2,191414.0
2019-01-31,11230.2,11313.8,11049.2,11186.6,227031.0
2019-02-01,11174.6,11222.2,11116.2,11190.2,202533.0
2019-02-04,11192.3,11215.0,11099.3,11201.1,162780.0
2019-02-05,11198.7,11391.3,11177.2,11367.6,182497.0
2019-02-06,11364.0,11366.6,11299.8,11310.1,162657.0
2019-02-07,11271.8,11291.3,11004.0,11035.2,250890.0
2019-02-08,11030.2,11048.2,10864.2,10951.7,217828.0
2019-02-11,10955.7,11044.3,10943.6,11012.2,166780.0
2019-02-12,11097.1,11169.0,11093.1,11149.5,140300.0
2019-02-13,11217.7,11224.3,11124.8,11184.0,174014.0
2019-02-14,11206.0,11270.5,11078.0,11096.5,222651.0
2019-02-15,11051.3,11328.0,11018.2,11324.6,230191.0
2019-02-18,11343.7,11348.8,11256.2,11308.8,92339.0
2019-02-19,11290.0,11374.7,11244.3,11317.2,163708.0
2019-02-20,11343.8,11449.5,11318.1,11420.6,191371.0
2019-02-21,11451.1,11486.3,11391.7,11410.7,227903.0
2019-02-22,11427.0,11507.0,11403.8,11465.7,165931.0
2019-02-25,11523.7,11548.7,11470.1,11471.2,176864.0
2019-02-26,11448.2,11561.7,11427.6,11536.3,193181.0
2019-02-27,11522.0,11524.2,11443.0,11491.1,180246.0
2019-02-28,11464.2,11543.7,11403.0,11527.2,197980.0
2019-03-01,11607.1,11681.5,11586.0,11638.2,206766.0
2019-03-04,11659.6,11660.2,11527.7,11564.6,224011.0
2019-03-05,11586.5,11639.1,11553.5,11634.3,218748.0
2019-03-06,11619.2,11658.7,11566.0,11571.2,217743.0
2019-03-07,11540.2,11619.1,11453.6,11494.3,292676.0
2019-03-08,11440.7,11497.1,11409.6,11495.7,243786.0
2019-03-11,11509.7,11600.8,11463.6,11599.7,168551.0
2019-03-12,11615.0,11638.2,11500.7,11516.6,190416.0
2019-03-13,11501.0,11614.8,11485.3,11609.2,170411.0
2019-03-14,11566.2,11641.5,11541.7,11590.2,148211.0
2019-03-15,11621.7,11722.7,11576.3,11690.2,191110.0
2019-03-18,11700.8,11714.3,11636.6,11664.2,153712.0
2019-03-19,11658.2,11827.7,11653.3,11750.2,191064.0
2019-03-20,11699.1,11726.2,11574.5,11574.5,210095.0
2019-03-21,11599.7,11604.7,11470.3,11586.7,211004.0
2019-03-22,11563.1,11627.0,11313.1,11323.2,303473.0
2019-03-25,11294.8,11396.7,11290.8,11368.5,250851.0
2019-03-26,11368.8,11451.3,11303.6,11441.8,215270.0
2019-03-27,11467.0,11508.7,11369.5,11445.3,249803.0
2019-03-28,11435.7,11499.8,11398.5,11472.8,241666.0
2019-03-29,11488.0,11558.5,11445.6,11551.7,212005.0
2019-04-01,11618.2,11721.2,11609.5,11717.8,188840.0
2019-04-02,11687.6,11817.2,11663.6,11800.7,185841.0
2019-04-03,11855.7,11985.2,11842.1,11958.6,217611.0
2019-04-04,11939.1,12041.3,11919.2,11996.3,180092.0
2019-04-05,12001.7,12034.7,11977.2,12011.5,159786.0
2019-04-08,11959.2,12001.0,11949.2,11962.0,144177.0
2019-04-09,11936.8,12001.7,11853.8,11860.8,204666.0
2019-04-10,11879.0,11956.7,11873.7,11923.0,145089.0
2019-04-11,11912.6,11979.2,11858.6,11942.6,181698.0
2019-04-12,11954.0,12046.1,11903.0,12023.8,194077.0
2019-04-15,12026.0,12046.7,11993.7,12031.5,112599.0
2019-04-16,12060.7,12130.0,12032.2,12102.2,178850.0
2019-04-17,12126.3,12209.1,12100.7,12185.2,186334.0
2019-04-18,12125.7,12278.5,12111.0,12253.0,197100.0
2019-04-23,12244.5,12267.0,12194.1,12252.1,154827.0
2019-04-24,12226.6,12364.8,12224.5,12317.5,196393.0
2019-04-25,12335.8,12337.6,12247.3,12309.5,181051.0
2019-04-26,12291.8,12335.1,12271.3,12330.0,163390.0
2019-04-29,12337.6,12384.6,12272.3,12345.5,140037.0
2019-04-30,12315.1,12382.6,12284.6,12362.2,163543.0
2019-05-02,12321.7,12410.3,12307.8,12327.5,237033.0
2019-05-03,12350.6,12450.3,12341.5,12447.2,157723.0
2019-05-06,12229.3,12342.8,12136.1,12331.7,220282.0
2019-05-07,12268.5,12323.0,12030.1,12062.6,348239.0
2019-05-08,12109.8,12220.7,12067.0,12187.6,230513.0
2019-05-09,12147.2,12149.8,11956.7,12078.3,321906.0
2019-05-10,12049.0,12208.7,12007.8,12185.8,313990.0
2019-05-13,12071.2,12088.2,11835.8,11865.1,307834.0
2019-05-14,11905.6,12017.8,11896.1,11978.5,199768.0
2019-05-15,12001.8,12112.6,11857.7,12097.5,171664.0
2019-05-16,12047.9,12316.1,12025.9,12271.7,228283.0
2019-05-17,12241.1,12286.8,12146.3,12196.0,264677.0
2019-05-20,12234.4,12245.4,11987.3,12035.1,264925.0
2019-05-21,12097.0,12175.4,12060.5,12156.8,211740.0
2019-05-22,12132.9,12209.0,12047.8,12139.5,204403.0
2019-05-23,12087.3,12089.5,11920.3,11947.1,280060.0
2019-05-24,12007.8,12079.7,11986.9,12023.5,207058.0
2019-05-27,12041.4,12120.7,12040.7,12063.9,105603.0
2019-05-28,12112.0,12117.5,11965.7,11966.3,272122.0
2019-05-29,11946.2,11949.5,11805.8,11861.1,294979.0
2019-05-30,11879.2,11922.8,11854.6,11917.6,184352.0
2019-05-31,11779.5,11783.4,11663.4,11702.3,238862.0
2019-06-03,11638.4,11791.8,11618.6,11746.9,321003.0
2019-06-04,11749.4,11992.3,11710.1,11986.5,284770.0
2019-06-05,11986.4,12055.8,11925.1,11985.4,288036.0
2019-06-06,11955.9,12074.4,11894.9,11979.0,252318.0
2019-06-07,12002.1,12096.5,11966.7,12046.0,205737.0
2019-06-10,12083.4,12127.5,12064.5,12085.8,79631.0
2019-06-11,12141.1,12222.6,12112.4,12143.1,270746.0
2019-06-12,12092.3,12131.5,12062.6,12098.9,246518.0
2019-06-13,12090.1,12200.3,12075.0,12164.1,269891.0
2019-06-14,12102.2,12116.2,12046.8,12111.0,231554.0
2019-06-17,12115.2,12123.6,12056.0,12077.6,204109.0
2019-06-18,12077.1,12358.0,11982.7,12330.3,269720.0
2019-06-19,12330.6,12351.2,12282.6,12317.9,226400.0
2019-06-20,12365.2,12436.2,12317.0,12367.9,217207.0
2019-06-21,12311.8,12422.2,12297.5,12299.3,273537.0
2019-06-24,12289.7,12338.2,12237.8,12242.2,216401.0
2019-06-25,12218.9,12280.3,12175.4,12179.9,249231.0
2019-06-26,12196.4,12313.2,12182.0,12238.1,250273.0
2019-06-27,12282.4,12330.5,12202.8,12274.9,227155.0
2019-06-28,12282.8,12408.1,12272.6,12396.5,180878.0
2019-07-01,12566.7,12617.5,12506.5,12532.3,238366.0
2019-07-02,12540.8,12553.9,12479.6,12542.1,190431.0
2019-07-03,12543.6,12656.1,12527.0,12650.8,170456.0
2019-07-04,12625.0,12651.1,12612.3,12632.2,89285.0
2019-07-05,12629.7,12639.7,12516.6,12573.2,226364.0
2019-07-08,12506.0,12585.1,12480.0,12502.9,220938.0
2019-07-09,12473.0,12475.5,12360.6,12455.6,217389.0
2019-07-10,12441.8,12447.1,12350.9,12374.8,231464.0
2019-07-11,12428.4,12428.4,12302.2,12338.2,227602.0
2019-07-12,12378.6,12384.2,12299.0,12320.0,214099.0
2019-07-15,12343.7,12431.6,12293.3,12403.6,217129.0
2019-07-16,12395.5,12460.4,12359.2,12415.8,205955.0
2019-07-17,12402.3,12449.1,12299.7,12299.7,216970.0
2019-07-18,12251.5,12298.1,12188.0,12242.1,279614.0
2019-07-19,12272.7,12335.0,12205.2,12233.2,293193.0
2019-07-22,12241.1,12344.7,12227.9,12298.9,232096.0
2019-07-23,12344.4,12547.5,12338.5,12538.5,276485.0
2019-07-24,12526.1,12575.0,12472.0,12565.4,221503.0
2019-07-25,12569.6,12598.6,12291.9,12360.0,243674.0
2019-07-26,12374.2,12445.4,12359.0,12427.8,174764.0
2019-07-29,12414.3,12471.7,12375.8,12420.3,193641.0
2019-07-30,12452.2,12453.7,12091.4,12117.3,301807.0
2019-07-31,12140.9,12223.4,12042.3,12139.6,298917.0
2019-08-01,12122.9,12265.6,12029.2,12070.3,400094.0
2019-08-02,12057.3,12066.5,11833.1,11905.7,464332.0
2019-08-05,11873.4,11896.6,11547.5,11620.7,466320.0
2019-08-06,11474.1,11747.0,11445.3,11643.2,405512.0
2019-08-07,11582.7,11742.5,11555.1,11722.3,444554.0
2019-08-08,11677.2,11849.1,11646.6,11827.5,331187.0
2019-08-09,11827.5,11855.6,11667.0,11727.0,335882.0
2019-08-12,11709.1,11833.8,11610.5,11627.4,324220.0
2019-08-13,11674.9,11811.4,11534.1,11776.2,264261.0
2019-08-14,11774.4,11789.9,11434.7,11437.2,310094.0
2019-08-15,11459.4,11542.1,11261.2,11408.7,391732.0
2019-08-16,11421.6,11578.1,11419.5,11562.2,306519.0
2019-08-19,11583.8,11756.4,11565.7,11695.1,282349.0
2019-08-20,11690.5,11764.1,11615.6,11615.9,296429.0
2019-08-21,11629.3,11822.3,11620.7,11784.6,261089.0
2019-08-22,11790.5,11851.3,11709.4,11751.8,306815.0
2019-08-23,11779.9,11821.9,11530.5,11532.7,426769.0
2019-08-26,11534.5,11696.1,11478.0,11676.6,369164.0
2019-08-27,11668.8,11778.5,11612.1,11704.3,344299.0
2019-08-28,11713.2,11727.0,11569.4,11690.2,320090.0
2019-08-29,11665.2,11870.9,11627.9,11852.4,316239.0
2019-08-30,11847.7,11987.0,11839.6,11956.7,334684.0
2019-09-02,11919.6,11993.4,11896.6,11942.0,184102.0
2019-09-03,11954.4,11987.2,11863.6,11923.6,308644.0
2019-09-04,11910.5,12078.1,11905.0,12034.8,268182.0
2019-09-05,12065.9,12163.1,12064.5,12123.9,266839.0
2019-09-06,12135.6,12205.0,12110.9,12172.5,254580.0
2019-09-09,12189.6,12245.1,12184.7,12218.6,211837.0
2019-09-10,12233.1,12312.2,12178.8,12290.9,277123.0
2019-09-11,12282.1,12395.4,12276.7,12377.8,265436.0
2019-09-12,12427.9,12472.4,12304.2,12409.6,331876.0
2019-09-13,12406.5,12494.9,12405.1,12451.0,229924.0
2019-09-16,12351.8,12419.7,12323.2,12387.4,262700.0
2019-09-17,12392.8,12405.5,12300.9,12383.8,224809.0
2019-09-18,12371.2,12421.8,12347.7,12413.0,223624.0
2019-09-19,12434.2,12468.9,12345.9,12426.4,219559.0
2019-09-20,12431.7,12485.2,12398.4,12400.5,265568.0
2019-09-23,12439.4,12449.4,12258.8,12353.6,260718.0
2019-09-24,12387.7,12392.2,12226.0,12239.1,315586.0
2019-09-25,12274.1,12291.7,12138.1,12257.9,306801.0
2019-09-26,12247.7,12337.9,12214.7,12320.1,282062.0
2019-09-27,12299.4,12401.6,12276.2,12324.9,331252.0
2019-09-30,12355.4,12441.6,12341.5,12420.1,246246.0
2019-10-01,12430.0,12494.6,12225.0,12232.1,314092.0
2019-10-02,12251.1,12256.2,11901.5,11921.9,366782.0
2019-10-03,11917.7,11965.0,11899.7,11947.6,69898.0
2019-10-04,11960.6,12066.2,11876.5,12061.8,324996.0
2019-10-07,12010.4,12108.1,11964.7,12076.8,209495.0
2019-10-08,12097.9,12150.6,11913.7,11960.7,368427.0
2019-10-09,11978.4,12171.2,11950.4,12099.3,288809.0
2019-10-10,12015.0,12200.1,12015.0,12157.3,345212.0
2019-10-11,12163.9,12535.7,12160.6,12477.9,363527.0
2019-10-14,12479.6,12504.4,12382.5,12473.8,277953.0
2019-10-15,12492.4,12680.7,12477.9,12628.8,316583.0
2019-10-16,12627.2,12696.2,12593.3,12657.9,307381.0
2019-10-17,12652.8,12813.1,12618.9,12652.2,333359.0
2019-10-18,12657.4,12697.1,12594.5,12654.1,302515.0
2019-10-21,12666.1,12783.5,12641.3,12750.5,253664.0
2019-10-22,12787.0,12791.3,12687.7,12694.8,268619.0
2019-10-23,12659.3,12816.2,12647.9,12807.4,287140.0
2019-10-24,12816.3,12910.3,12799.2,12867.1,282847.0
2019-10-25,12850.8,12894.1,12825.5,12888.6,221469.0
2019-10-28,12893.0,12980.0,12880.3,12951.7,228700.0
2019-10-29,12953.3,12955.4,12890.2,12929.4,230384.0
2019-10-30,12912.7,12945.2,12822.3,12934.3,252375.0
2019-10-31,12914.0,12948.1,12786.9,12889.9,283086.0
2019-11-01,12918.6,12986.6,12890.1,12966.6,217939.0
2019-11-04,12986.8,13166.3,12986.8,13125.2,225014.0
2019-11-05,13112.6,13161.4,13106.6,13143.1,239002.0
2019-11-06,13109.1,13202.5,13103.6,13164.7,256175.0
2019-11-07,13170.7,13298.3,13156.8,13265.6,253475.0
2019-11-08,13246.3,13278.3,13195.7,13262.3,176854.0
2019-11-11,13216.2,13228.5,13142.9,13211.6,184192.0
2019-11-12,13198.1,13310.4,13186.9,13271.9,205843.0
2019-11-13,13234.9,13273.3,13138.2,13242.9,210760.0
2019-11-14,13259.5,13275.4,13159.6,13203.5,222681.0
2019-11-15,13254.0,13283.9,13175.0,13242.2,181429.0
2019-11-18,13231.3,13288.3,13138.2,13203.9,198683.0
2019-11-19,13192.4,13378.2,13189.4,13203.3,202327.0
2019-11-20,13174.9,13194.7,13071.3,13127.4,248113.0
2019-11-21,13069.6,13182.9,13043.0,13167.5,247309.0
2019-11-22,13189.8,13249.1,13121.1,13192.1,188158.0
2019-11-25,13243.7,13273.9,13211.0,13264.6,140926.0
2019-11-26,13276.3,13317.9,13192.7,13246.5,166638.0
2019-11-27,13259.9,13318.4,13219.7,13298.4,157216.0
2019-11-28,13243.8,13269.0,13214.8,13255.3,100807.0
2019-11-29,13234.9,13295.6,13164.6,13230.0,155790.0
2019-12-02,13292.5,13342.4,12954.2,12994.5,251913.0
2019-12-03,12998.3,13089.3,12928.6,13056.4,266766.0
2019-12-04,13048.5,13176.7,12997.0,13157.8,260371.0
2019-12-05,13143.4,13194.3,13048.9,13078.1,218289.0
2019-12-06,13113.9,13183.5,13051.2,13176.1,179078.0
2019-12-09,13160.2,13183.2,13077.7,13079.8,151457.0
2019-12-10,13085.4,13097.0,12885.6,13070.3,287206.0
2019-12-11,13049.2,13175.0,13043.9,13140.6,225580.0
2019-12-12,13156.2,13294.5,13106.9,13261.4,287700.0
2019-12-13,13327.4,13462.6,13258.4,13311.0,360121.0
2019-12-16,13329.3,13433.3,13300.9,13408.1,177533.0
2019-12-17,13387.1,13413.7,13272.1,13286.1,198665.0
2019-12-18,13267.8,13290.5,13209.2,13222.0,180593.0
2019-12-19,13233.6,13257.4,13146.8,13224.5,172328.0
2019-12-20,13218.7,13324.1,13191.9,13302.3,216090.0
2019-12-23,13317.8,13331.9,13279.8,13282.9,168432.0
2019-12-27,13353.3,13378.3,13279.2,13291.0,157722.0
2019-12-30,13289.4,13312.4,13105.8,13121.5,214895.0
2020-01-02,13185.6,13442.7,13184.5,13439.5,246881.0
2020-01-03,13433.6,13439.3,13117.7,13174.1,392569.0
2020-01-06,13104.7,13163.4,12947.2,13155.4,292361.0
2020-01-07,13175.2,13286.7,13149.8,13194.3,279229.0
2020-01-08,12991.6,13409.2,12984.5,13366.8,294471.0
2020-01-09,13427.7,13530.6,13392.3,13516.8,245362.0
2020-01-10,13538.4,13554.7,13436.2,13461.9,231080.0
2020-01-13,13509.1,13535.9,13407.0,13476.9,223275.0
2020-01-14,13491.3,13502.6,13365.8,13458.2,284715.0
2020-01-15,13439.4,13466.3,13391.2,13408.2,245502.0
2020-01-16,13426.0,13498.3,13383.9,13466.2,232812.0
2020-01-17,13480.9,13560.8,13472.2,13539.1,199801.0
2020-01-20,13540.1,13582.1,13489.6,13578.6,123017.0
2020-01-21,13534.1,13573.7,13439.3,13525.4,256767.0
2020-01-22,13574.4,13642.3,13482.3,13488.5,257521.0
2020-01-23,13486.9,13500.9,13382.5,13485.2,283028.0
2020-01-24,13504.3,13608.2,13477.9,13522.3,304912.0
2020-01-27,13421.3,13425.1,13194.4,13200.1,370814.0
2020-01-28,13225.7,13338.2,13164.9,13320.9,321962.0
2020-01-29,13325.6,13377.7,13295.1,13317.1,254550.0
2020-01-30,13297.9,13306.5,13119.5,13240.8,410678.0
2020-01-31,13264.9,13270.4,12884.9,12932.6,433809.0
2020-02-03,12987.3,13079.9,12983.1,13027.5,366843.0
2020-02-04,13054.2,13295.6,13052.0,13280.2,281709.0
2020-02-05,13247.0,13517.8,13222.5,13500.9,367343.0
2020-02-06,13521.2,13606.9,13510.1,13568.6,274767.0
2020-02-07,13546.6,13578.5,13460.9,13474.8,286958.0
2020-02-10,13450.8,13526.7,13444.6,13525.8,235858.0
2020-02-11,13582.5,13671.9,13554.8,13626.9,241850.0
2020-02-12,13625.9,13788.8,13621.8,13776.8,161446.0
2020-02-13,13757.5,13770.2,13582.9,13739.5,309327.0
2020-02-14,13748.1,13800.2,13717.3,13759.2,228999.0
2020-02-17,13786.1,13816.6,13759.8,13792.5,122136.0
2020-02-18,13747.1,13752.3,13664.8,13704.1,263008.0
2020-02-19,13720.4,13796.0,13717.3,13778.1,214006.0
2020-02-20,13826.2,13826.8,13651.9,13731.2,351614.0
2020-02-21,13701.4,13710.2,13500.6,13559.2,382270.0
2020-02-24,13364.9,13369.8,12967.2,12972.4,526300.0
2020-02-25,13130.4,13163.1,12610.6,12624.4,536863.0
2020-02-26,12668.7,12852.9,12367.4,12597.2,632716.0
2020-02-27,12517.8,12593.4,12139.9,12145.1,601373.0
2020-02-28,12088.3,12159.0,11722.4,11933.4,654938.0
2020-03-02,11894.6,12213.2,11621.3,12051.5,584293.0
2020-03-03,12073.4,12271.6,11735.0,11819.7,610326.0
2020-03-04,11936.8,12277.5,11875.2,12269.7,434002.0
2020-03-05,12175.2,12222.1,11749.6,11782.3,501925.0
2020-03-06,11770.9,11786.9,11418.9,11545.4,599837.0
2020-03-09,11029.2,11040.6,10350.4,10351.5,410718.0
2020-03-10,10885.2,11032.9,10415.7,10874.4,498738.0
2020-03-11,10625.1,10756.7,10206.7,10299.9,487893.0
2020-03-12,9951.0,9987.2,8967.1,8993.5,496687.0
2020-03-13,8972.9,9989.5,8815.4,9607.3,503181.0
2020-03-16,8853.4,8991.8,8226.1,8540.9,449339.0
2020-03-17,8976.9,9162.1,8413.9,8860.1,491185.0
2020-03-18,8662.2,8880.4,8182.9,8458.6,451375.0
2020-03-19,8577.2,8806.2,7962.6,8552.6,390385.0
2020-03-20,8622.3,9180.9,8515.8,8584.0,493637.0
2020-03-23,8300.4,9089.1,8243.4,8779.8,663155.0
2020-03-24,8928.0,9721.3,8893.6,9677.6,467700.0
2020-03-25,9626.6,10122.6,9418.2,9785.0,620803.0
2020-03-26,9640.5,10056.0,9497.9,10055.7,485873.0
2020-03-27,9882.8,9994.7,9509.5,9521.3,430056.0
2020-03-30,9494.1,9861.6,9428.2,9850.1,469049.0
2020-03-31,9941.0,10076.5,9680.4,9802.9,455306.0
2020-04-01,9725.2,9742.7,9305.9,9345.1,442827.0
2020-04-02,9386.0,9635.2,9316.5,9594.4,483955.0
2020-04-03,9556.8,9609.2,9421.2,9505.4,407833.0
2020-04-06,9772.5,10250.5,9708.3,10195.0,396378.0
2020-04-07,10234.5,10576.9,10085.5,10199.9,548352.0
2020-04-08,10177.3,10413.5,10149.0,10386.8,413251.0
2020-04-09,10411.9,10703.9,10300.1,10654.9,520493.0
2020-04-14,10600.8,10817.5,10598.5,10715.3,325481.0
2020-04-15,10693.3,10737.7,10230.8,10253.8,402683.0
2020-04-16,10190.0,10437.5,10165.1,10304.3,356233.0
2020-04-17,10571.1,10752.6,10532.6,10691.6,346239.0
2020-04-20,10713.4,10766.7,10434.0,10541.1,343997.0
2020-04-21,10576.6,10618.4,10223.5,10272.9,398165.0
2020-04-22,10243.5,10466.1,10241.5,10435.4,335964.0
2020-04-23,10393.4,10605.4,10314.7,10383.0,336480.0
2020-04-24,10314.4,10482.9,10253.5,10462.7,380043.0
2020-04-27,10436.4,10717.6,10422.5,10686.4,371685.0
2020-04-28,10685.7,10895.9,10631.1,10718.1,428613.0
2020-04-29,10781.4,11156.2,10769.8,11148.7,464918.0
2020-04-30,11159.5,11338.8,10755.2,10808.4,500134.0
2020-05-04,10426.9,10608.0,10370.6,10589.4,428227.0
2020-05-05,10595.2,10747.4,10515.4,10632.7,348988.0
2020-05-06,10615.2,10770.6,10537.4,10540.4,306476.0
2020-05-07,10560.3,10797.3,10560.3,10716.0,288712.0
2020-05-08,10817.3,10919.9,10810.0,10914.9,233730.0
2020-05-11,10978.5,11025.4,10730.8,10868.6,268680.0
2020-05-12,10769.7,10880.9,10664.6,10664.6,283434.0
2020-05-13,10600.7,10699.7,10428.0,10509.2,410778.0
2020-05-14,10470.6,10505.5,10156.3,10449.0,476336.0
2020-05-15,10440.7,10541.5,10368.1,10522.6,403878.0
2020-05-18,10589.9,11141.1,10580.5,11082.2,417737.0
2020-05-19,11081.0,11224.7,10927.9,10955.8,499469.0
2020-05-20,10996.9,11242.8,10970.5,11204.3,398646.0
2020-05-21,11177.1,11198.5,11026.7,11068.9,416595.0
2020-05-22,11104.1,11132.8,10856.1,11118.9,411876.0
2020-05-25,11152.8,11395.1,11106.5,11388.7,249215.0
2020-05-26,11356.9,11538.5,11349.9,11448.1,429858.0
2020-05-27,11463.7,11739.9,11456.6,11712.1,509944.0
2020-05-28,11751.7,11827.0,11647.4,11665.4,534152.0
2020-05-29,11666.7,11723.6,11508.4,11665.6,538009.0
2020-06-01,11714.4,11934.4,11661.4,11913.6,158334.0
2020-06-02,11908.9,12075.1,11842.6,12071.1,439423.0
2020-06-03,12124.4,12554.4,12103.1,12510.7,431086.0
2020-06-04,12505.6,12554.9,12319.4,12409.7,555020.0
2020-06-05,12411.6,12859.9,12395.2,12769.0,558526.0
2020-06-08,12836.9,12922.8,12668.9,12922.8,468373.0
2020-06-09,12887.4,12908.9,12493.6,12617.6,525031.0
2020-06-10,12655.1,12759.5,12455.0,12488.6,510749.0
2020-06-11,12461.1,12484.3,11745.9,11785.1,693591.0
2020-06-12,11871.9,12164.4,11782.0,12006.6,702467.0
2020-06-15,11847.7,12088.2,11577.6,12068.4,517412.0
2020-06-16,12187.9,12425.2,12119.5,12286.5,657419.0
2020-06-17,12286.8,12423.3,12205.0,12326.4,474377.0
2020-06-18,12240.4,12475.9,12147.7,12262.5,444868.0
2020-06-19,12247.4,12425.6,12163.3,12188.1,554344.0
2020-06-22,12119.7,12382.6,12088.9,12316.7,470759.0
2020-06-23,12364.0,12597.0,12139.2,12429.2,497936.0
2020-06-24,12459.6,12499.7,12011.7,12122.3,656034.0
2020-06-25,12175.0,12317.3,11933.5,12310.4,625691.0
2020-06-26,12267.2,12347.4,12021.9,12047.5,604489.0
2020-06-29,12013.0,12293.0,11943.5,12277.9,619399.0
2020-06-30,12292.4,12399.9,12180.3,12354.6,414855.0
2020-07-01,12340.5,12393.4,12074.4,12298.7,394889.0
2020-07-02,12241.1,12650.5,12224.4,12557.0,446055.0
2020-07-03,12568.5,12655.0,12464.0,12573.1,269132.0
2020-07-06,12636.3,12836.4,12623.9,12737.0,392418.0
2020-07-07,12783.6,12803.2,12509.7,12523.7,396342.0
2020-07-08,12571.5,12664.5,12449.9,12583.4,387531.0
2020-07-09,12600.6,12700.1,12435.2,12556.7,445533.0
2020-07-10,12591.9,12710.6,12389.6,12698.8,424409.0
2020-07-13,12717.2,12869.2,12526.0,12551.9,440668.0
2020-07-14,12606.2,12786.4,12520.4,12760.9,537610.0
2020-07-15,12842.8,12993.2,12762.8,12906.0,449699.0
2020-07-16,12872.7,12913.5,12795.4,12894.6,386961.0
2020-07-17,12910.8,12966.4,12860.3,12954.4,294317.0
2020-07-20,12939.2,13092.9,12797.7,13073.9,273987.0
2020-07-21,13096.2,13308.1,13068.2,13087.4,328026.0
2020-07-22,13135.3,13194.8,13057.0,13129.4,262134.0
2020-07-23,13094.1,13211.9,12944.9,12989.3,345204.0
2020-07-24,13011.2,13026.3,12768.6,12823.0,332035.0
2020-07-27,12862.0,12905.0,12801.5,12878.8,229253.0
2020-07-28,12902.0,12973.3,12737.4,12774.3,262569.0
2020-07-29,12811.9,12875.1,12743.1,12860.5,189556.0
2020-07-30,12843.2,12867.4,12242.9,12448.2,376245.0
2020-07-31,12433.0,12518.3,12201.8,12309.7,357763.0
2020-08-03,12331.2,12694.3,12322.7,12646.2,261122.0
2020-08-04,12689.2,12764.5,12519.7,12616.1,267282.0
2020-08-05,12596.2,12755.5,12572.4,12614.0,227156.0
2020-08-06,12669.4,12796.8,12511.6,12651.3,273095.0
2020-08-07,12652.7,12701.1,12509.6,12700.3,251348.0
2020-08-10,12698.1,12771.5,12594.5,12741.5,245529.0
2020-08-11,12742.2,13044.4,12737.6,12824.5,293824.0
2020-08-12,12895.7,13098.0,12821.2,13073.6,246211.0
2020-08-13,13079.0,13079.0,12915.9,12957.5,241374.0
2020-08-14,12979.0,13011.1,12786.1,12863.0,226392.0
2020-08-17,12879.3,12956.9,12838.0,12920.5,157484.0
2020-08-18,12923.2,13048.9,12796.3,12856.2,201706.0
2020-08-19,12865.6,12989.7,12824.7,12927.2,171716.0
2020-08-20,12880.8,12904.9,12733.4,12853.4,223621.0
2020-08-21,12924.1,12924.1,12625.9,12790.4,265254.0
2020-08-24,12792.8,13105.7,12779.2,13075.3,201145.0
2020-08-25,13148.2,13221.6,13007.8,13091.4,195414.0
2020-08-26,13098.2,13243.2,13005.9,13230.5,198072.0
2020-08-27,13214.2,13230.8,13017.9,13063.4,288654.0
2020-08-28,13122.5,13190.5,12944.9,13060.3,275114.0
2020-08-31,13127.9,13152.3,12899.0,12938.4,243294.0
2020-09-01,12970.2,13127.3,12845.6,12990.5,310883.0
2020-09-02,13041.9,13352.2,13005.1,13346.6,333782.0
2020-09-03,13338.5,13462.0,12931.5,12990.6,517032.0
2020-09-04,13000.3,13127.1,12744.9,12960.7,536709.0
2020-09-07,12926.1,13136.7,12865.9,13122.7,282110.0
2020-09-08,13104.0,13159.4,12852.9,12902.8,577845.0
2020-09-09,12895.4,13315.6,12889.5,13254.1,386161.0
2020-09-10,13269.8,13305.8,13092.3,13102.1,431519.0
2020-09-11,13168.7,13256.6,13110.2,13179.9,356953.0
2020-09-14,13236.6,13338.5,13141.7,13165.8,294954.0
2020-09-15,13147.0,13261.5,13132.9,13215.7,214760.0
2020-09-16,13195.0,13277.6,13180.2,13196.9,250810.0
2020-09-17,13158.7,13247.4,13031.3,13224.8,584233.0
2020-09-18,13222.4,13262.7,13054.0,13117.8,311411.0
2020-09-21,13145.4,13153.7,12496.2,12635.9,416917.0
2020-09-22,12680.4,12693.9,12552.0,12679.9,315891.0
2020-09-23,12699.3,12824.7,12521.1,12533.4,306717.0
2020-09-24,12513.8,12689.3,12450.1,12618.2,408280.0
2020-09-25,12666.6,12707.1,12333.0,12563.8,376880.0
2020-09-28,12566.6,12881.2,12554.0,12859.9,276356.0
2020-09-29,12890.7,12943.2,12732.2,12817.0,253237.0
2020-09-30,12825.2,12895.4,12681.6,12742.8,321756.0
2020-10-01,12777.1,12857.1,12665.6,12722.2,333893.0
2020-10-02,12707.3,12738.2,12537.1,12705.0,394378.0
2020-10-05,12769.4,12886.4,12724.0,12880.4,237945.0
2020-10-06,12845.8,12964.4,12773.6,12805.3,281732.0
2020-10-07,12815.1,12959.6,12797.0,12940.0,238049.0
2020-10-08,12961.4,13102.3,12935.1,13061.7,230347.0
2020-10-09,13074.8,13095.8,13007.3,13055.1,194384.0
2020-10-12,13045.5,13176.6,13036.2,13153.6,225050.0
2020-10-13,13139.8,13164.4,12954.2,12992.5,305658.0
2020-10-14,13012.1,13065.8,12949.4,12964.1,259332.0
2020-10-15,12974.9,12991.5,12593.7,12736.7,367273.0
2020-10-16,12748.1,12956.0,12702.6,12899.1,286815.0
2020-10-19,12929.2,13029.2,12719.7,12735.4,291171.0
2020-10-20,12831.7,12848.6,12714.0,12731.8,386560.0
2020-10-21,12779.9,14060.4,12530.8,14060.4,406292.0
2020-10-22,12483.1,12602.9,12339.9,12580.5,392805.0
2020-10-23,12556.5,12719.9,12504.7,12661.2,311670.0
2020-10-26,12564.2,12564.2,12089.1,12205.1,451369.0
2020-10-27,12201.5,12277.3,11938.3,11941.2,411361.0
2020-10-28,11933.0,11959.4,11452.0,11520.3,560731.0
2020-10-29,11590.5,11703.6,11450.6,11582.1,514101.0
2020-10-30,11530.1,11638.1,11321.0,11627.5,496602.0
2020-11-02,11578.0,11834.7,11540.3,11795.6,472626.0
2020-11-03,11845.2,12185.5,11841.5,12128.2,415565.0
2020-11-04,12063.4,12364.3,11779.6,12258.6,608750.0
2020-11-05,12283.3,12590.0,12251.8,12523.3,427896.0
2020-11-06,12483.3,12593.0,12367.1,12478.4,402808.0
2020-11-09,12668.4,13296.6,12633.6,12991.4,591106.0
2020-11-10,12966.0,13240.2,12873.5,13164.0,542087.0
2020-11-11,13111.8,13247.6,13108.5,13230.9,387307.0
2020-11-12,13187.1,13187.5,12939.6,12980.7,416120.0
2020-11-13,12950.6,13142.6,12931.3,13121.0,332639.0
2020-11-16,13195.2,13280.6,13075.3,13154.9,403202.0
2020-11-17,13110.4,13168.6,13048.7,13141.6,350521.0
2020-11-18,13107.9,13213.7,13072.3,13104.7,328964.0
2020-11-19,13094.6,13147.8,13032.4,13143.4,334985.0
2020-11-20,13089.1,13170.0,13039.3,13126.3,320860.0
2020-11-23,13173.4,13314.1,13121.9,13182.4,321672.0
2020-11-24,13239.3,13334.5,13187.9,13321.0,307819.0
2020-11-25,13365.9,13373.4,13232.4,13292.1,313882.0
2020-11-26,13304.1,13332.3,13247.9,13273.4,192602.0
2020-11-27,13272.2,13365.3,13239.8,13363.5,245429.0
2020-11-30,13303.9,13447.0,13224.2,13272.8,386150.0
2020-12-01,13392.7,13436.9,13335.1,13381.4,327197.0
2020-12-02,13337.2,13374.8,13270.3,13299.2,303591.0
2020-12-03,13286.0,13329.2,13182.5,13205.3,269738.0
2020-12-04,13219.0,13319.4,13204.3,13297.9,266096.0
2020-12-07,13294.4,13294.9,13158.9,13270.9,294526.0
2020-12-08,13250.5,13319.0,13198.5,13303.9,265006.0
2020-12-09,13320.4,13459.9,13284.2,13395.0,451788.0
2020-12-10,13331.3,13372.8,13211.0,13284.6,356593.0
2020-12-11,13283.7,13306.9,13007.5,13147.2,344364.0
2020-12-14,13206.9,13296.9,13146.6,13194.9,298904.0
2020-12-15,13217.0,13432.9,13184.9,13424.1,292115.0
2020-12-16,13391.0,13601.0,13382.6,13585.1,280044.0
2020-12-17,13576.4,13738.6,13565.5,13688.8,187352.0
2020-12-18,13672.7,13779.3,13603.6,13653.7,232875.0
2020-12-21,13474.7,13524.4,13047.2,13373.0,232482.0
2020-12-22,13346.7,13442.4,13232.7,13417.9,137822.0
2020-12-23,13370.0,13624.6,13334.5,13598.0,123964.0
2020-12-24,13608.3,13651.3,13587.1,13643.9,7269.0
2020-12-28,13657.0,13827.6,13642.0,13784.2,97307.0
2020-12-29,13827.8,13909.9,13694.4,13720.3,144855.0
2020-12-30,13716.9,13800.5,13664.1,13667.5,141357.0
2021-01-04,13690.9,13925.6,13593.1,13679.7,268911.0
2021-01-05,13707.9,13773.0,13567.8,13704.4,229535.0
2021-01-06,13671.3,13935.2,13614.4,13854.2,308397.0
2021-01-07,13955.8,14008.7,13897.2,13991.2,202378.0
2021-01-08,14054.6,14135.8,13993.1,14088.7,220419.0
2021-01-11,14046.1,14050.4,13805.2,13939.5,195353.0
2021-01-12,13947.5,14002.8,13840.8,13923.4,198935.0
2021-01-13,13916.1,13978.4,13865.9,13949.4,183759.0
2021-01-14,13985.1,14029.9,13939.7,13964.3,194869.0
2021-01-15,13956.2,13959.9,13670.7,13766.0,246274.0
2021-01-18,13747.1,13912.2,13690.1,13894.8,114044.0
2021-01-19,13923.9,13960.4,13802.3,13852.2,160704.0
2021-01-20,13829.0,13967.8,13795.6,13961.3,143060.0
2021-01-21,13962.1,14027.8,13870.7,13939.2,157760.0
2021-01-22,13905.2,13918.7,13742.0,13873.5,197719.0
2021-01-25,13915.2,13955.8,13597.6,13733.5,284568.0
2021-01-26,13663.4,13931.1,13588.2,13887.0,212604.0
2021-01-27,13878.6,13888.6,13473.7,13522.9,350397.0
2021-01-28,13569.7,13718.0,13307.8,13644.8,397987.0
2021-01-29,13608.5,13616.0,13366.6,13421.1,497613.0
2021-02-01,13453.3,13686.4,13444.0,13661.1,272242.0
2021-02-02,13708.6,13883.5,13678.2,13869.9,221697.0
2021-02-03,13882.9,13990.3,13860.0,13962.4,209441.0
2021-02-04,13951.6,14072.1,13909.1,14060.7,180106.0
2021-02-05,14057.5,14114.0,14010.5,14062.8,179492.0
2021-02-08,14178.1,14190.5,14039.5,14080.1,151212.0
2021-02-09,14061.9,14074.4,13957.1,14022.7,147284.0
2021-02-10,14067.7,14097.4,13824.3,13920.0,233852.0
2021-02-11,13914.7,14051.0,13900.9,14035.2,192072.0
2021-02-12,14014.6,14074.5,13911.8,14067.7,161874.0
2021-02-15,14123.4,14158.3,14073.5,14120.6,120769.0
2021-02-16,14131.8,14157.7,14033.8,14047.3,192943.0
2021-02-17,13985.0,14069.2,13880.5,13947.0,248426.0
2021-02-18,13955.0,13962.0,13849.5,13922.2,243270.0
2021-02-19,13889.9,14024.4,13847.0,13959.7,219579.0
2021-02-22,14020.9,14021.0,13795.5,13918.0,256150.0
2021-02-23,13947.5,14008.3,13659.4,13878.1,355125.0
2021-02-24,13907.3,14023.4,13785.2,14007.8,307895.0
2021-02-25,14031.7,14072.0,13740.3,13772.1,330645.0
2021-02-26,13745.0,13878.8,13640.0,13785.2,462140.0
2021-03-01,13894.9,14035.6,13847.5,14029.6,199960.0
2021-03-02,14003.9,14100.4,13924.4,14031.7,272361.0
2021-03-03,14027.1,14194.9,13974.3,14010.7,297126.0
2021-03-04,13993.1,14096.3,13897.7,13980.5,405338.0
2021-03-05,13875.9,14068.2,13863.2,14048.4,445061.0
2021-03-08,14048.3,14410.7,13959.0,14351.5,373591.0
2021-03-09,14379.0,14477.8,14306.0,14448.8,246564.0
2021-03-10,14432.7,14562.2,14386.9,14553.5,273594.0
2021-03-11,14562.0,14599.4,14516.7,14552.7,222832.0
2021-03-12,14558.2,14566.6,14451.9,14564.1,241720.0
2021-03-15,14570.6,14589.0,14410.9,14505.5,280307.0
2021-03-16,14513.2,14606.8,14481.9,14563.1,247916.0
2021-03-17,14543.0,14686.0,14533.5,14667.7,372914.0
2021-03-18,14731.8,14810.1,14665.4,14689.4,307803.0
2021-03-19,14698.2,14755.8,14569.4,14640.3,510336.0
2021-03-22,14585.1,14687.3,14545.7,14663.7,346080.0
2021-03-23,14659.4,14715.1,14521.4,14622.3,398458.0
2021-03-24,14617.5,14626.1,14526.5,14561.1,368404.0
2021-03-25,14572.2,14706.8,14426.9,14706.8,436533.0
2021-03-26,14690.8,14863.4,14690.8,14859.2,335263.0
2021-03-29,14787.4,14903.4,14728.9,14877.2,362337.0
2021-03-30,14872.2,15040.2,14860.3,15003.2,316660.0
2021-03-31,15012.8,15057.7,14963.2,15032.4,244819.0
2021-04-01,15055.2,15206.3,15024.5,15182.5,231902.0
2021-04-05,15259.7,15375.1,15222.9,15350.4,17950.0
2021-04-06,15285.0,15336.2,15179.2,15207.2,283501.0
2021-04-07,15220.0,15254.7,15168.9,15220.3,214599.0
2021-04-08,15215.8,15268.0,15157.9,15208.1,205906.0
2021-04-09,15232.1,15273.0,15168.3,15270.4,213501.0
2021-04-12,15240.6,15285.3,15198.7,15249.5,210614.0
2021-04-13,15245.3,15294.2,15192.1,15261.4,225011.0
2021-04-14,15256.2,15311.3,15176.2,15182.4,250944.0
2021-04-15,15194.7,15294.9,15189.6,15293.7,207688.0
2021-04-16,15282.0,15521.6,15270.3,15519.1,232264.0
2021-04-19,15482.3,15513.3,15346.5,15391.9,235225.0
2021-04-20,15399.6,15412.2,15117.7,15168.4,253045.0
2021-04-21,15172.6,15278.7,15085.1,15270.7,269540.0
2021-04-22,15253.2,15350.4,15224.4,15248.1,251260.0
2021-04-23,15259.6,15323.5,15159.8,15281.4,182739.0
2021-04-26,15276.4,15339.4,15245.7,15295.3,174463.0
2021-04-27,15286.1,15322.7,15195.7,15271.1,158698.0
2021-04-28,15251.0,15366.2,15244.8,15292.6,172960.0
2021-04-29,15309.6,15345.0,15091.9,15198.8,219630.0
2021-04-30,15186.0,15255.9,15106.0,15150.0,236220.0
2021-05-03,15208.4,15280.1,15116.5,15267.2,171520.0
2021-05-04,15232.0,15272.3,14834.7,14915.1,346918.0
2021-05-05,14945.0,15196.2,14929.7,15170.9,226397.0
2021-05-06,15171.9,15287.4,15096.3,15265.2,299684.0
2021-05-07,15253.2,15419.8,15249.5,15409.0,173576.0
2021-05-10,15450.0,15469.2,15310.6,15316.9,219381.0
2021-05-11,15289.6,15290.9,15009.7,15121.7,369786.0
2021-05-12,15116.4,15226.8,14996.1,15093.4,399244.0
2021-05-13,15106.1,15268.1,14811.2,15240.7,413271.0
2021-05-14,15246.4,15461.3,15211.7,15456.9,259189.0
2021-05-17,15406.5,15482.3,15348.9,15425.8,277422.0
2021-05-18,15468.7,15540.5,15319.7,15322.0,205107.0
2021-05-19,15306.9,15329.1,14955.9,15168.6,394897.0
2021-05-20,15197.8,15395.7,15099.2,15361.3,240405.0
2021-05-21,15387.4,15465.5,15348.2,15429.0,218216.0
2021-05-24,15456.0,15587.7,15431.7,15555.9,122405.0
2021-05-25,15532.2,15603.7,15453.9,15480.1,180298.0
2021-05-26,15514.6,15542.2,15401.8,15452.9,177710.0
2021-05-27,15451.5,15489.8,15348.0,15425.6,205540.0
2021-05-28,15465.8,15547.3,15430.2,15484.2,152591.0
2021-05-31,15509.9,15513.1,15410.0,15434.4,93399.0
2021-06-01,15460.8,15684.9,15433.3,15573.5,208611.0
2021-06-02,15583.2,15630.3,15548.0,15591.0,195372.0
2021-06-03,15617.6,15657.3,15471.5,15634.8,219126.0
2021-06-04,15588.5,15706.3,15580.6,15695.5,166068.0
2021-06-07,15670.0,15731.2,15608.8,15693.3,114348.0
2021-06-08,15692.7,15726.6,15633.1,15664.5,187009.0
2021-06-09,15668.3,15676.6,15499.4,15571.5,127474.0
2021-06-10,15581.6,15638.2,15512.0,15583.8,221509.0
2021-06-11,15577.5,15722.0,15545.9,15717.4,134771.0
2021-06-14,15712.8,15803.3,15668.2,15718.8,134640.0
2021-06-15,15726.3,15791.1,15710.7,15741.6,144069.0
2021-06-16,15735.1,15758.9,15667.6,15706.8,168733.0
2021-06-17,15627.1,15758.5,15627.1,15731.6,201913.0
2021-06-18,15721.7,15742.8,15424.0,15443.5,323134.0
2021-06-21,15415.2,15645.3,15274.0,15637.6,288363.0
2021-06-22,15637.2,15659.8,15512.9,15628.1,250551.0
2021-06-23,15640.0,15675.0,15452.5,15477.3,238775.0
2021-06-24,15502.6,15609.0,15477.2,15591.8,206645.0
2021-06-25,15599.5,15638.2,15532.3,15609.7,175428.0
2021-06-28,15595.9,15670.1,15540.6,15576.3,209267.0
2021-06-29,15556.9,15756.1,15533.0,15693.6,209705.0
2021-06-30,15708.4,15713.8,15458.3,15570.3,310393.0
2021-07-01,15601.3,15711.1,15490.2,15632.0,291633.0
2021-07-02,15636.5,15710.6,15600.7,15664.1,243049.0
2021-07-05,15649.7,15674.0,15531.6,15663.1,171007.0
2021-07-06,15665.5,15694.4,15463.0,15516.9,295811.0
2021-07-07,15485.1,15714.9,15482.3,15708.8,319941.0
2021-07-08,15694.4,15699.5,15303.3,15419.5,542109.0
2021-07-09,15416.2,15697.9,15358.2,15677.8,340739.0
2021-07-12,15664.0,15806.7,15630.5,15795.5,296453.0
2021-07-13,15803.8,15814.7,15746.1,15783.4,245637.0
2021-07-14,15771.9,15809.5,15712.7,15773.5,269676.0
2021-07-15,15756.6,15780.4,15587.8,15633.9,407111.0
2021-07-16,15626.8,15700.3,15473.7,15499.4,367120.0
2021-07-19,15461.9,15462.0,15041.3,15125.3,615072.0
2021-07-20,15177.9,15297.1,15087.9,15250.8,413202.0
2021-07-21,15286.5,15462.5,15193.3,15446.2,321747.0
2021-07-22,15444.8,15578.6,15435.2,15522.7,239328.0
2021-07-23,15554.5,15692.2,15541.1,15660.7,173749.0
2021-07-26,15619.6,15641.8,15542.8,15623.7,199927.0
2021-07-27,15617.3,15621.9,15419.5,15547.1,320074.0
2021-07-28,15567.3,15587.5,15483.6,15546.0,254241.0
2021-07-29,15542.5,15661.1,15506.2,15611.0,182832.0
2021-07-30,15568.2,15612.0,15437.2,15543.6,256643.0
2021-08-02,15605.5,15705.1,15509.4,15517.2,249885.0
2021-08-03,15573.4,15606.7,15490.9,15581.3,247785.0
2021-08-04,15564.8,15710.9,15551.7,15667.2,172512.0
2021-08-05,15706.9,15755.8,15657.3,15747.2,129135.0
2021-08-06,15736.5,15805.6,15720.2,15766.7,129584.0
2021-08-09,15717.0,15796.9,15693.6,15756.1,119901.0
2021-08-10,15750.9,15798.8,15716.5,15779.8,102914.0
2021-08-11,15784.0,15886.6,15720.1,15851.5,125676.0
2021-08-12,15851.7,15973.9,15811.2,15948.8,103788.0
2021-08-13,15951.0,16031.1,15926.2,15982.3,95592.0
2021-08-16,15925.7,15962.0,15846.5,15950.3,168494.0
2021-08-17,15915.5,15936.2,15805.5,15905.2,198543.0
2021-08-18,15895.7,15975.0,15867.7,15889.7,183952.0
2021-08-19,15873.8,15897.3,15619.8,15796.1,371490.0
2021-08-20,15797.9,15828.7,15651.0,15818.7,232208.0
2021-08-23,15836.5,15937.6,15794.1,15848.2,166812.0
2021-08-24,15880.9,15924.4,15850.4,15887.0,129682.0
2021-08-25,15909.0,15931.3,15836.0,15837.8,113186.0
2021-08-26,15818.9,15830.5,15692.8,15753.3,208866.0
2021-08-27,15726.3,15872.0,15725.2,15850.3,124647.0
2021-08-30,15837.3,15894.8,15812.6,15879.3,73596.0
2021-08-31,15870.6,16005.0,15755.2,15810.1,207463.0
2021-09-01,15838.5,15978.4,15767.7,15801.2,192721.0
2021-09-02,15784.9,15874.7,15762.4,15811.2,146304.0
2021-09-03,15822.4,15868.6,15683.3,15763.0,179696.0
2021-09-06,15730.0,15958.2,15722.4,15924.9,94722.0
2021-09-07,15913.6,15926.4,15814.1,15816.5,165063.0
2021-09-08,15811.7,15844.6,15584.6,15611.7,302786.0
2021-09-09,15590.8,15691.5,15447.2,15565.7,236778.0
2021-09-10,15585.1,15700.5,15544.4,15546.7,218411.0
2021-09-13,15596.0,15785.5,15551.5,15719.8,215137.0
2021-09-14,15728.2,15761.5,15657.5,15682.3,204799.0
2021-09-15,15740.3,15745.3,15609.2,15683.6,179748.0
2021-09-16,15683.6,15743.7,15633.9,15704.0,168850.0
2021-09-17,15681.6,15790.0,15425.8,15503.9,273787.0
2021-09-20,15503.9,15507.2,15014.7,15111.9,404589.0
2021-09-21,15179.5,15392.1,15121.6,15306.5,288816.0
2021-09-22,15286.9,15547.6,15245.7,15496.6,229959.0
2021-09-23,15550.9,15694.4,15538.1,15658.3,190789.0
2021-09-24,15685.6,15685.6,15490.3,15544.3,207754.0
2021-09-27,15575.6,15716.1,15546.4,15595.5,198076.0
2021-09-28,15564.1,15623.0,15223.0,15258.4,307329.0
2021-09-29,15306.3,15421.6,15233.9,15334.5,271866.0
2021-09-30,15364.0,15470.2,15199.9,15218.1,296264.0
2021-10-01,15254.5,15268.8,14978.8,15230.4,372924.0
2021-10-04,15236.3,15242.8,15010.1,15073.6,331326.0
2021-10-05,15054.5,15203.6,14988.5,15168.2,237719.0
2021-10-06,15187.5,15190.4,14809.0,15059.0,336333.0
2021-10-07,15108.0,15257.2,15106.8,15217.9,203418.0
2021-10-08,15224.9,15266.9,15179.4,15192.7,201316.0
2021-10-11,15152.1,15236.9,15088.4,15127.0,222730.0
2021-10-12,15090.2,15176.7,15003.9,15146.6,246095.0
2021-10-13,15144.2,15298.9,15104.5,15269.6,220654.0
2021-10-14,15306.6,15496.4,15291.8,15488.8,161189.0
2021-10-15,15490.8,15594.8,15459.9,15589.5,163003.0
2021-10-18,15560.3,15589.7,15412.2,15484.3,173862.0
2021-10-19,15502.0,15522.5,15449.5,15498.0,151193.0
2021-10-20,15503.1,15565.9,15456.3,15513.7,166766.0
2021-10-21,15486.2,15527.6,15391.1,15501.7,157422.0
2021-10-22,15510.4,15609.1,15482.8,15564.7,191424.0
2021-10-25,15531.4,15634.7,15524.0,15624.9,148519.0
2021-10-26,15652.5,15777.7,15629.1,15727.9,174010.0
2021-10-27,15747.9,15748.4,15663.6,15670.5,185378.0
2021-10-28,15692.3,15712.5,15623.9,15681.1,201317.0
2021-10-29,15636.9,15724.1,15491.2,15706.7,234542.0
2021-11-01,15742.4,15846.3,15724.4,15815.8,150631.0
2021-11-02,15802.0,15958.0,15766.2,15953.6,130675.0
2021-11-03,15966.0,16029.4,15917.6,16026.7,135806.0
2021-11-04,16024.4,16063.1,15993.0,16024.8,141836.0
2021-11-05,16024.4,16086.6,15990.0,16045.6,145537.0
2021-11-08,16024.7,16069.3,16008.7,16033.8,103130.0
2021-11-09,16008.5,16106.4,15993.4,16036.7,142998.0
2021-11-10,16017.6,16079.0,15986.0,16008.2,165535.0
2021-11-11,16002.9,16117.9,16002.5,16077.8,128202.0
2021-11-12,16119.6,16126.9,16066.4,16091.6,110682.0
2021-11-15,16103.8,16152.2,16070.9,16132.5,99306.0
2021-11-16,16141.5,16268.7,16125.4,16241.8,99188.0
2021-11-17,16230.8,16285.5,16211.4,16254.7,80831.0
2021-11-18,16255.7,16291.7,16193.3,16243.9,107851.0
2021-11-19,16247.4,16300.2,16092.3,16148.0,201532.0
2021-11-22,16180.6,16204.2,16058.8,16071.9,154840.0
2021-11-23,16080.8,16093.0,15865.5,15995.5,262600.0
2021-11-24,16001.4,16028.2,15740.0,15901.2,242169.0
2021-11-25,15937.7,15967.0,15862.8,15921.9,89747.0
2021-11-26,15761.7,15761.8,15024.6,15114.9,401690.0
2021-11-29,15379.9,15462.6,15233.6,15317.6,308272.0
2021-11-30,15416.4,15417.8,14910.4,15114.6,392682.0
2021-12-01,15177.4,15507.7,15156.7,15157.7,304993.0
2021-12-02,15221.3,15396.1,15168.3,15327.5,298193.0
2021-12-03,15264.2,15436.5,15083.1,15179.8,303717.0
2021-12-06,15242.4,15419.3,15145.8,15397.6,257825.0
2021-12-07,15404.7,15844.0,15384.2,15806.7,181895.0
2021-12-08,15797.7,15839.7,15677.8,15712.0,193605.0
2021-12-09,15719.8,15755.3,15599.4,15601.3,167494.0
2021-12-10,15598.1,15690.1,15525.9,15642.9,164803.0
2021-12-13,15704.7,15795.7,15587.2,15600.7,164378.0
2021-12-14,15637.2,15697.6,15426.5,15523.6,222554.0
2021-12-15,15496.1,15637.8,15448.5,15636.4,168108.0
2021-12-16,15640.4,15780.8,15526.2,15557.3,218206.0
2021-12-17,15607.9,15616.0,15419.2,15472.4,264223.0
2021-12-20,15360.8,15399.7,15057.8,15324.3,290711.0
2021-12-21,15361.3,15513.1,15299.9,15503.7,204296.0
2021-12-22,15501.4,15637.0,15420.0,15619.7,161222.0
2021-12-23,15609.4,15774.1,15599.8,15734.6,126617.0
2021-12-27,15725.4,15892.4,15661.0,15888.4,105275.0
2021-12-28,15867.1,15975.9,15827.5,15934.2,124571.0
2021-12-29,15946.4,15969.4,15797.7,15861.1,130898.0
2021-12-30,15860.0,15926.6,15829.9,15853.9,115396.0
2022-01-03,15924.6,16067.4,15852.4,16054.3,169519.0
2022-01-04,16011.3,16203.2,16004.1,16147.8,188233.0
2022-01-05,16126.4,16285.2,16074.3,16086.6,189087.0
2022-01-06,16070.3,16154.2,15963.3,16013.2,273401.0
2022-01-07,16068.6,16071.5,15858.1,15943.1,218913.0
2022-01-10,15914.6,16013.7,15720.3,15855.9,266127.0
2022-01-11,15866.0,16002.6,15830.7,15993.1,254981.0
2022-01-12,16000.8,16074.1,15947.2,16005.6,228654.0
2022-01-13,15993.1,16087.3,15885.3,15917.4,222678.0
2022-01-14,15890.2,15970.4,15830.2,15937.8,322574.0
2022-01-17,15920.3,15967.9,15887.4,15933.9,114427.0
2022-01-18,15939.0,15962.9,15665.0,15771.1,331599.0
2022-01-19,15777.5,15898.7,15621.5,15772.7,307393.0
2022-01-20,15759.7,15921.1,15735.1,15765.9,261157.0
2022-01-21,15722.5,15742.6,15445.3,15454.8,411513.0
2022-01-24,15518.9,15587.0,14836.3,15258.0,549584.0
2022-01-25,15180.4,15257.8,14977.3,15167.5,513461.0
2022-01-26,15155.9,15550.1,15132.3,15353.5,350963.0
2022-01-27,15180.0,15583.7,15041.8,15408.4,524794.0
2022-01-28,15447.7,15506.8,15119.4,15435.2,503219.0
2022-01-31,15435.2,15578.1,15336.2,15561.0,296311.0
2022-02-01,15543.8,15686.6,15479.4,15661.7,262924.0
2022-02-02,15686.4,15737.6,15588.7,15632.3,250228.0
2022-02-03,15550.9,15602.0,15292.2,15300.9,335745.0
2022-02-04,15378.7,15500.1,15056.4,15149.6,332613.0
2022-02-07,15146.0,15259.6,15073.7,15185.5,310283.0
2022-02-08,15230.7,15340.2,15156.3,15276.0,276241.0
2022-02-09,15307.6,15532.0,15302.9,15524.1,207350.0
2022-02-10,15480.2,15614.5,15355.3,15380.6,351282.0
2022-02-11,15343.0,15511.9,15120.0,15163.2,365767.0
2022-02-14,15160.2,15218.8,14837.6,15073.8,429634.0
2022-02-15,15086.9,15432.9,15008.5,15420.4,307507.0
2022-02-16,15397.8,15538.4,15321.9,15422.4,292198.0
2022-02-17,15380.1,15435.1,15129.2,15157.6,264693.0
2022-02-18,15125.2,15353.6,14981.6,15033.4,310035.0
2022-02-21,15066.0,15229.6,14385.0,14459.5,325723.0
2022-02-22,14516.0,14776.4,14296.8,14663.1,416191.0
2022-02-23,14712.5,14896.1,14470.9,14505.9,310554.0
2022-02-24,14350.1,14444.7,13788.0,14303.3,575891.0
2022-02-25,14280.6,14662.2,14016.4,14650.2,436611.0
2022-02-28,14168.0,14510.0,13931.7,14275.9,329777.0
2022-03-01,14387.1,14467.6,13753.6,13827.2,335698.0
2022-03-02,13924.1,14110.7,13703.2,14007.0,379423.0
2022-03-03,13954.9,14065.0,13598.7,13653.0,345565.0
2022-03-04,13409.9,13551.0,12960.5,13095.6,365316.0
2022-03-07,12620.5,13141.6,12427.4,12637.6,410891.0
2022-03-08,12715.9,13333.0,12461.0,12989.2,487043.0
2022-03-09,13046.2,13988.2,12966.9,13845.8,415996.0
2022-03-10,13793.9,13849.3,13332.9,13484.5,363045.0
2022-03-11,13368.4,14092.8,13269.9,13538.8,401192.0
2022-03-14,13791.7,14077.6,13674.5,13889.4,432069.0
2022-03-15,13873.6,14007.6,13571.8,13978.9,419417.0
2022-03-16,13968.5,14553.8,13927.0,14502.8,395521.0
2022-03-17,14455.5,14527.3,14239.7,14380.3,244380.0
2022-03-18,14300.0,14498.0,14104.8,14466.1,326700.0
2022-03-21,14342.9,14460.9,14228.5,14314.6,217800.0
2022-03-22,14276.2,14530.8,14270.5,14506.0,172285.0
2022-03-23,14530.3,14584.3,14199.1,14200.5,203814.0
2022-03-24,14192.9,14382.2,14191.1,14341.9,227762.0
2022-03-25,14299.6,14435.6,14249.7,14392.9,196463.0
2022-03-28,14360.3,14635.2,14305.6,14536.3,231561.0
2022-03-29,14545.4,14931.9,14544.0,14855.7,300959.0
2022-03-30,14811.8,14829.8,14530.9,14600.4,217770.0
2022-03-31,14618.0,14736.3,14327.0,14344.7,232119.0
2022-04-01,14375.8,14513.1,14363.5,14479.3,224440.0
2022-04-04,14424.4,14571.2,14334.4,14560.1,216342.0
2022-04-05,14525.7,14609.1,14340.2,14372.0,216991.0
2022-04-06,14358.8,14442.2,14029.8,14144.1,321293.0
2022-04-07,14084.9,14321.8,14038.8,14195.6,283756.0
2022-04-08,14156.7,14329.4,14142.6,14232.9,239533.0
2022-04-11,14221.5,14307.8,14063.0,14073.3,263498.0
2022-04-12,14083.9,14185.2,13885.5,14008.8,299366.0
2022-04-13,14061.3,14151.7,13962.7,14087.9,226763.0
2022-04-14,14128.3,14207.1,14039.5,14099.7,243052.0
2022-04-19,14095.8,14243.6,13993.6,14213.6,240441.0
2022-04-20,14228.5,14384.2,14139.7,14334.8,260307.0
2022-04-21,14379.9,14604.3,14305.6,14334.3,255278.0
2022-04-22,14273.7,14376.7,14047.2,14060.4,290201.0
